Investor,Avg_Investment,Total_Investment,Num_Deals,Unique_Startups,Avg_Year,Cluster
Tiger Global Management,344.8761904761905,7242.400000000001,21,20,2016.4761904761904,1
Susquehanna Growth Equity,248.94,497.88,2,2,2018.5,0
Sequoia Capital India,396.705,7140.6900000000005,18,17,2017.3333333333333,1
Vinod Khatumal,25.73,25.73,1,1,2020.0,0
Sprout Venture Partners,7.72,15.44,2,2,2019.0,0
Chiratae Ventures,53.15,159.45,3,3,2019.0,0
Ant Financial,2944.77,8834.31,3,2,2017.6666666666667,3
Sathguru Catalyzer Advisors,51.46,51.46,1,1,2019.0,0
Ping An Global Voyager Fund,600.39,600.39,1,1,2019.0,0
Mumbai Angels,21.64115384615385,562.6700000000001,26,24,2016.2692307692307,1
Ravikanth Reddy,428.85,428.85,1,1,2019.0,0
Spring Canter Investment Ltd.,171.54,171.54,1,1,2019.0,0
Paytm,67.63538461538461,879.26,13,11,2015.923076923077,1
NPTK,102.92,102.92,1,1,2019.0,0
Sabre Partners and Neoplux,102.92,102.92,1,1,2019.0,0
Vertex Growth Fund,257.31,257.31,1,1,2019.0,0
Ruizheng Investment,17.15,17.15,1,1,2019.0,0
Manipal Education and Medical Group (MEMG),233.725,467.4500000000001,2,2,2018.0,0
SoftBank Vision Fund,1802.886,9014.43,5,5,2018.2,1
Accel,156.3112380952381,16412.68,105,78,2016.219047619048,2
Sauce.vc,4.17,4.17,1,1,2019.0,0
Rainforest Ventures,4.17,4.17,1,1,2019.0,0
PS1 Venture and GlobalLogic co-founder Rajul Garg,12.87,12.87,1,1,2019.0,0
DG Daiwa Ventures,102.92,102.92,1,1,2019.0,0
DG Incubation,102.92,102.92,1,1,2019.0,0
Trifecta Capital Advisors,125.225,250.45,2,2,2018.0,0
FinTech,76.19,152.38,2,2,2018.5,0
Dream Incubator,44.51333333333333,133.54,3,3,2018.0,0
Altimeter Capital,1912.67,7650.68,4,4,2017.75,1
Sutter Hill Ventures,1157.9,1157.9,1,1,2019.0,0
Startup Buddy,1.57,4.71,3,3,2018.0,0
Amour Infrastructure,1886.94,1886.94,1,1,2019.0,0
Ackermans & van Haaren,135.52,135.52,1,1,2019.0,0
HealthQuad,76.765,153.53,2,2,2018.5,0
Rebright Partners,27.48333333333333,164.9,6,6,2016.1666666666667,4
Toppan Printing,135.52,135.52,1,1,2019.0,0
Kalaari Capital,129.33793103448275,7501.599999999999,58,46,2016.2758620689656,1
Vijay Shekhar Sharma,663.5969230769232,8626.760000000002,13,13,2016.076923076923,1
Lightbox,137.51666666666668,1237.65,9,7,2016.3333333333333,1
DST Global,2945.34,14726.7,5,4,2016.6,3
Ayushmann Khurana,0.0,0.0,1,1,2019.0,0
Matrix Partners India,50.17399999999999,501.74,10,9,2016.6,1
Sequoia India,196.8431818181818,4330.549999999999,22,20,2016.7727272727277,1
TIW Private Equity,51.46,51.46,1,1,2019.0,0
Breakthrough Energy Ventures,154.39,154.39,1,1,2019.0,0
Endiya Partners,45.12307692307694,586.6000000000001,13,8,2017.2307692307693,1
Bennett Coleman and Company Ltd (BCCL),3859.65,3859.65,1,1,2019.0,3
India Quotient,26.60391304347825,611.8899999999999,23,19,2016.136363636364,1
SC GG India Mobility Holdings LLC,171.54,171.54,1,1,2019.0,0
Azim Premji,1200.78,1200.78,1,1,2019.0,0
Binny Bansal,113.30785714285716,1586.31,14,13,2016.7857142857144,1
Pine Labs Pte Ltd,326.61,326.61,1,1,2019.0,0
Naspers,846.2633333333333,2538.79,3,3,2018.0,0
MS Dhoni,94.35,94.35,1,1,2019.0,0
March Capital Partners,382.02,764.04,2,1,2019.0,0
XL Innovate,317.35,317.35,1,1,2019.0,0
Rashmi Daga (founder,4.29,4.29,1,1,2019.0,0
FreshMenu),4.29,4.29,1,1,2019.0,0
Raveen Sastry (co-founder,4.29,4.29,1,1,2019.0,0
Myntra) and Mitesh Shah (finance chief,4.29,4.29,1,1,2019.0,0
BookMyShow),4.29,4.29,1,1,2019.0,0
One97 Communications Ltd.,56.52,56.52,1,1,2019.0,0
Growth DNA,8.58,8.58,1,1,2019.0,0
Vir Sanghvi,0.0,0.0,1,1,2019.0,0
Westbridge Capital,8593.295000000002,34373.18000000001,4,4,2017.25,3
IIFL Wealth,150.095,300.19,2,2,2017.5,0
WaterBridge Ventures,17.33857142857143,121.37,7,5,2017.2857142857144,0
Kapil Dev,1.24,1.24,1,1,2019.0,0
DIG Investment Ab,8.58,8.58,1,1,2019.0,0
Deshe Holdings,8.58,8.58,1,1,2019.0,0
Samih Toukan and Hussam Khoury,8.58,8.58,1,1,2019.0,0
Qatar Investment Authority,1286.55,1286.55,1,1,2019.0,0
Composite Capital Management,514.62,514.62,1,1,2019.0,0
Undisclosed,23.627659574468083,3331.4999999999995,141,137,2016.1347517730496,2
Multiple Angel Investors,2.74,2.74,1,1,2019.0,0
General Atlantic,437.43,437.43,1,1,2019.0,0
Anicut Capital,41.88333333333333,125.65,3,3,2017.6666666666667,0
Triton Investment Advisors,111.5,223.0,2,2,2018.0,0
Pidilite Industries director Ajay Parekh,223.0,223.0,1,1,2019.0,0
IAN Fund,70.76,283.04,4,4,2017.75,0
Tata Sons,0.0,0.0,1,1,2019.0,0
Indian Angel Network and other angel investors,0.0,0.0,1,1,2019.0,0
Innov8 founder Ritesh Malik,0.0,0.0,1,1,2019.0,0
Josh Talks founders Supriya Paul and Shobha Banga,0.0,0.0,1,1,2019.0,0
and former Hero Corporate president Rohit Chanana,0.0,0.0,1,1,2019.0,0
Wellington,973.49,1946.98,2,2,2018.0,0
LightStreet,1286.55,1286.55,1,1,2019.0,0
Sands Capital and International Finance Corporation,1286.55,1286.55,1,1,2019.0,0
Equanimity Ventures,1200.78,1200.78,1,1,2019.0,0
Korea Investment Partners,49.32,98.64,2,2,2018.5,0
Sixth Sense Ventures,17.725,106.35,6,6,2016.8333333333333,0
Eight Roads,145.94076923076923,1897.23,13,12,2016.923076923077,1
Prasid Uno Family Trust,145.81,145.81,1,1,2019.0,0
Unilever,22.365,89.46,4,3,2018.0,0
ABCOM Investments,3.69,3.69,1,1,2019.0,0
Parekh Marine Transport,3.69,3.69,1,1,2019.0,0
Orchid India,30.8,30.8,1,1,2019.0,0
Lasmer NV,30.8,30.8,1,1,2019.0,0
Milestone,54.21,54.21,1,1,2019.0,0
Supera Pte Ltd,20.96,20.96,1,1,2019.0,0
Kalyan Krishnamurthy,2.63,2.63,1,1,2019.0,0
New Atlantic Ventures,42.88,42.88,1,1,2019.0,0
021 Capita,25.73,25.73,1,1,2019.0,0
EDBI,1187.915,2375.83,2,2,2017.5,0
and Sofina,1938.4,1938.4,1,1,2019.0,0
PitchRight Venture,5.15,5.15,1,1,2019.0,0
91SpringBoard,8.863333333333335,26.590000000000003,3,3,2017.0,0
DiDi Chuxing,857.7,857.7,1,1,2018.0,0
Hillhouse Capital,600.39,1200.78,2,2,2017.0,0
Alphabets growth investment arm Capital G and Axis Bank,943.47,943.47,1,1,2019.0,0
Iron Pillar,137.23,274.46,2,2,2018.0,0
Perceptive Advisors,188.69,188.69,1,1,2019.0,0
MASSIF,42.88,42.88,1,1,2019.0,0
a Dutch government fund,42.88,42.88,1,1,2019.0,0
Steadview Capital and Vy Capital.,428.85,428.85,1,1,2018.0,0
Individual Investors,57.77142857142858,404.4,7,7,2017.571428571429,0
Omphalos Ventures India LLP,1.23,1.23,1,1,2018.0,0
Info Edge,143.34187500000002,2293.4700000000003,16,11,2016.4375,1
Akatsuki and Incubate Fund from Japan and Better Capital AngelList syndicate.,17.15,17.15,1,1,2018.0,0
Venture Highway,51.57,412.56,8,7,2017.125,0
Space Matrix,30.02,30.02,1,1,2018.0,0
Lead Angels Network,1.24,2.48,2,2,2017.0,0
CDC Group,159.315,637.26,4,4,2017.75,0
the UKs Development Finance Institution and P Surendra Pai,238.43,238.43,1,1,2018.0,0
Shunwei Capital,96.68111111111112,870.1300000000001,9,9,2017.5,1
DST Partners and RPS Ventures,428.85,428.85,1,1,2018.0,0
Singapore,9.843809523809522,206.72,21,21,2016.142857142857,1
Mayfield Fund,11.15,11.15,1,1,2018.0,0
Stevens Creek Ventures,8.58,8.58,1,1,2018.0,0
Venture Catalysts,3.287142857142857,46.02,14,14,2016.9285714285716,1
Sistema Asia Fund,127.70222222222225,1149.3200000000002,9,7,2017.3333333333333,0
VC Samsung NEXT,51.46,51.46,1,1,2018.0,0
Inventus Capital,68.744,687.4399999999999,10,8,2016.2,1
Teachers Insurance and Annuity Association (TIAA),265.89,265.89,1,1,2018.0,0
Rajan Anandan from Google,29.16,29.16,1,1,2018.0,0
Dilip Khandwelwal from SAP Labs India,29.16,29.16,1,1,2018.0,0
and Amrish Rau from PayU India,29.16,29.16,1,1,2018.0,0
Lakestar and Jungle Ventures,253.02,253.02,1,1,2018.0,0
Softbanks DeepCore.,253.02,253.02,1,1,2018.0,0
Prashant Jaiswal,0.0,0.0,1,1,2018.0,0
Cooperative Oikocredit,94.35,94.35,1,1,2018.0,0
Caspian and Hivos-Triodos Fund,94.35,94.35,1,1,2018.0,0
Ravi Viswanathan,70.33,70.33,1,1,2018.0,0
ZigExN,25.73,25.73,1,1,2018.0,0
Credence Family Office,34.31,34.31,1,1,2018.0,0
Fosun International,180.115,360.23,2,2,2017.5,0
Sistema JSFC and Tanncam Investment,300.2,300.2,1,1,2018.0,0
Samsung and China-based CITIC Capital and others,0.0,0.0,1,1,2018.0,0
KDDI,0.0,0.0,1,1,2018.0,0
Tencent,2438.3214285714284,17068.25,7,7,2017.142857142857,3
Stellaris Ventures & Others,34.31,34.31,1,1,2018.0,0
rstead,274.46,274.46,1,1,2018.0,0
and Tenaska,274.46,274.46,1,1,2018.0,0
InnoVen Capital,49.41538461538463,642.4000000000001,13,13,2016.4615384615383,1
Fosun RZ Capital,257.31,257.31,1,1,2018.0,0
Farm To Fork,3.43,3.43,1,1,2018.0,0
Arts Alliance,3.43,3.43,1,1,2018.0,0
The Syndicate Fund,3.43,3.43,1,1,2018.0,0
Sven Hensen,3.43,3.43,1,1,2018.0,0
Axilor,17.037272727272725,374.82,22,20,2016.909090909091,1
Y Combinator,48.359,483.59,10,10,2017.7,1
Fung Strategic Holdings,300.2,300.2,1,1,2018.0,0
MakeMyTrip Limited,85.77,85.77,1,1,2018.0,0
Flipkart,146.8678571428571,2056.15,14,10,2015.857142857143,1
AJ Ventures and Jain International Trade Organisation (JITO),8.58,8.58,1,1,2018.0,0
MGV,68.62,68.62,1,1,2018.0,0
Liquid 2 Ventures,68.62,68.62,1,1,2018.0,0
Hack VC,68.62,68.62,1,1,2018.0,0
Denlow Investment Trust and Beenext,50.18,50.18,1,1,2018.0,0
Hyundai,122.39,122.39,1,1,2018.0,0
Edelweiss and Beenext,122.39,122.39,1,1,2018.0,0
Sunjay Kapoor and Telama Investment,122.39,122.39,1,1,2018.0,0
Xiaomi,122.822,614.11,5,5,2017.4,0
Ribbit Capital and Omidyar Network,114.93,114.93,1,1,2018.0,0
and Pravega Ventures,36.02,36.02,1,1,2018.0,0
Ajay Relan and Vinay Mittal,8.58,8.58,1,1,2018.0,0
MDI Ventures & Telkom Indonesia,34.31,34.31,1,1,2018.0,0
Ashish Goenka,26.805,53.61,2,2,2015.0,4
Avtar Monga,4.02,8.04,2,2,2016.5,4
chief operating office at IDFC Bank,3.75,3.75,1,1,2018.0,0
Aditya Malik & Others,3.75,3.75,1,1,2018.0,0
ResponsAbility,81.48,244.44,3,3,2017.0,0
Raghunandan G,16.723750000000003,133.79000000000002,8,8,2016.5,4
and Ramakant Sharma,42.88,42.88,1,1,2018.0,0
Base of Pyramid Asia (BOPA) Pte Ltd,21.44,21.44,1,1,2018.0,0
Rishi Vasudev,3.13,6.26,2,2,2016.5,4
Ritesh Vohra,1.54,1.54,1,1,2018.0,0
Praveer Kumar,1.54,1.54,1,1,2018.0,0
Prashant Gupta and Others,1.54,1.54,1,1,2018.0,0
Siddharth Agarwal,0.75,1.5,2,2,2017.0,0
Amit Singal,1.5,1.5,1,1,2018.0,0
100 Co-founders Lab and others.,1.5,1.5,1,1,2018.0,0
KCK Global & Others,426.28,426.28,1,1,2018.0,0
Omidyar Network & Others,12.87,12.87,1,1,2018.0,0
TPG Growth,686.1600000000001,1372.3200000000002,2,2,2017.0,0
The Rise Fund & Others,857.7,857.7,1,1,2018.0,0
Rahul Khanna,1.26,3.78,3,3,2016.0,4
Rajeev Arora and Ram Ramsundar.,2.4,2.4,1,1,2018.0,0
Metaform Ventures,3.74,3.74,1,1,2018.0,0
Hemant Luthra,3.74,3.74,1,1,2018.0,0
Micro venture capital firm GEMS Partners and Others,3.74,3.74,1,1,2018.0,0
Gray Matters,16.4675,65.87,4,4,2016.5,4
Fairfax,192.98,385.96,2,1,2017.5,0
Allcargo Logistics,145.81,145.81,1,1,2018.0,0
Navneet Education and Mahavir Agency,145.81,145.81,1,1,2018.0,0
WEH Ventures and Sprout Ventures,10.72,10.72,1,1,2018.0,0
Ventureast and Exfinity,21.44,21.44,1,1,2018.0,0
Bharat Innovation,9.43,9.43,1,1,2018.0,0
IDFC-Parampara Capital,9.43,9.43,1,1,2018.0,0
Arthavida Ventures,9.43,9.43,1,1,2018.0,0
Jitendra Gupta & Others,5.145,10.29,2,2,2016.5,4
Lindwall Family Investments LLC (LFI),4.29,4.29,1,1,2018.0,0
Amazon Alexa Fund & Dentsu Ventures,94.35,94.35,1,1,2018.0,0
Kantilal Patel,42.88,42.88,1,1,2018.0,0
Puneet Dalmia & Others,85.77,85.77,1,1,2018.0,0
Aspire Logistics LLC,1.07,1.07,1,1,2018.0,0
Bhairavi Jani,0.0,0.0,1,1,2018.0,0
Alok Divatia,0.0,0.0,1,1,2018.0,0
Namrata Kaul,0.0,0.0,1,1,2018.0,0
Sohail Hashemi,0.0,0.0,1,1,2018.0,0
Aijaz Saleem,0.0,0.0,1,1,2018.0,0
Anil Advani,0.0,0.0,1,1,2018.0,0
Pramod Jain,0.0,0.0,1,1,2018.0,0
Amrendra Reddy and Manish Satnaliwala.,0.0,0.0,1,1,2018.0,0
Oman India Joint Investment Fund (OIJIF),197.27,197.27,1,1,2018.0,0
SAIF Partners and LGT Impact Ventures,184.41,184.41,1,1,2018.0,0
Subho Ray and Samir Kumar,2.57,2.57,1,1,2018.0,0
Basab Pradhan,3.86,3.86,1,1,2018.0,0
Vivek Khare and Bijoy George,3.86,3.86,1,1,2018.0,0
Rannvijay Singha,0.0,0.0,1,1,2018.0,0
Hyperplane Venture Capital and several angel investors,14.58,14.58,1,1,2018.0,0
Menterra Venture & Artha Initiatives,0.0,0.0,1,1,2018.0,0
Speciale Invest & Others,9.43,9.43,1,1,2018.0,0
Shiva Gunapu & Others,0.0,0.0,1,1,2018.0,0
Unknown High Net-Worth Individuals,3.86,3.86,1,1,2018.0,0
Kae Capital & Others,21.44,21.44,1,1,2018.0,0
Behram Vakil and Jerxis Vandrevala,8.58,8.58,1,1,2018.0,0
Sunil Munjal,103.7825,415.13,4,2,2017.25,0
Harsh Mariwala,127.22666666666667,381.68,3,1,2017.0,0
Dalip Pathak and Others,150.1,300.2,2,1,2018.0,0
Credika and unnamed angel investors,4.29,4.29,1,1,2018.0,0
RS Shanbag,6.3,6.3,1,1,2018.0,0
Insistor,17.15,17.15,1,1,2018.0,0
Ashish Kacholi,17.15,17.15,1,1,2018.0,0
Atul Gupta and Saurabh Rastogi,2.51,2.51,1,1,2018.0,0
Ashish Dhawan,77.19,154.38,2,2,2017.0,0
Catamaran Ventures,81.1575,324.63,4,3,2016.25,4
NR Narayana Murthy.,102.92,102.92,1,1,2018.0,0
Mitali Pawar,1.72,1.72,1,1,2018.0,0
Nikhil G and Bhavesh P,1.72,1.72,1,1,2018.0,0
R Ranganathan,1.72,1.72,1,1,2018.0,0
ONCOTRUST and Medintel Services Pvt. Ltd,1.72,1.72,1,1,2018.0,0
Amazon Inc. and Mastercard,68.62,68.62,1,1,2018.0,0
Treebo,0.0,0.0,1,1,2018.0,0
IndusAge Partners,102.925,205.85,2,2,2017.0,0
Bill & Melinda Gates Foundation,120.08,120.08,1,1,2018.0,0
Qualcomm Venture,80.76583333333332,969.1899999999998,12,11,2015.9166666666667,1
ABB Technology Ventures,120.08,120.08,1,1,2018.0,0
Omnivore,34.2475,136.99,4,4,2016.25,4
Accion Venture Lab,15.6525,62.61,4,4,2017.25,0
Arihant Patni of Patni Family Office,17.15,17.15,1,1,2018.0,0
Shardul Amarchand Mangaldas,17.15,17.15,1,1,2018.0,0
Satish Khanna and Taparia family office.,17.15,17.15,1,1,2018.0,0
Subhkam Ventures and Mohit Khadaria,2.64,2.64,1,1,2018.0,0
Vishal Bali,0.0,0.0,2,2,2017.0,0
Yogesh Misra,0.0,0.0,1,1,2018.0,0
Thomas Assessments and others,0.0,0.0,1,1,2018.0,0
ChrysCapital,506.045,1012.09,2,2,2016.5,4
Existing investors,720.47,7204.7,10,10,2016.2,1
Elevar Equity,207.564,1037.82,5,5,2016.2,4
Maheshwar Peri,7.08,14.16,2,2,2017.5,0
founder and chairman of career information portal Careers360,1.29,1.29,1,1,2018.0,0
and Jamshed Jeejeebhoy,1.29,1.29,1,1,2018.0,0
director at Byramjee Jeejeebhoy Pvt. Ltd were among the angels,1.29,1.29,1,1,2018.0,0
Omidyar Network. Blume Ventures and Professor Shlomo Ben-Haim,24.02,24.02,1,1,2018.0,0
Investopad,0.0,0.0,2,2,2017.0,0
Lightspeed India,121.12666666666664,1090.14,9,8,2016.6666666666667,1
Amit Ranjan,1.5225,12.18,8,8,2015.875,4
Fundamentum,102.92,102.92,1,1,2018.0,0
RB investments & Others,102.92,102.92,1,1,2018.0,0
BlueOrchard Finance Ltd,39.45,39.45,1,1,2018.0,0
Hinduja Leyland Finance and IntelleGrow,39.45,39.45,1,1,2018.0,0
Mr. Manoj Prasad,4.29,4.29,1,1,2018.0,0
Madhusudhan Kannan,0.0,0.0,1,1,2018.0,0
Jayant Kadambi,0.0,0.0,1,1,2018.0,0
Puneet Gupta and Pradeep K Jaisingh,0.0,0.0,1,1,2018.0,0
Transamerica and others.,188.69,188.69,1,1,2018.0,0
Shilpa Shetty Kundra,0.0,0.0,1,1,2018.0,0
Line Ventures Corporation,197.27,197.27,1,1,2018.0,0
Line Corp,197.27,197.27,1,1,2018.0,0
Shinhan Bank and TS Investment,197.27,197.27,1,1,2018.0,0
Biz Stone,15.723333333333334,47.17,3,2,2016.0,4
Kunal Bahl,11.32,135.84,12,12,2015.4166666666667,1
Rohit Bansal,11.95909090909091,131.55,11,11,2015.4545454545453,1
Alagu Periyannan and Karthee Madasamy,0.0,0.0,1,1,2018.0,0
Vidal Healthcare,16.3,16.3,1,1,2018.0,0
GEMS Advisory,1.0533333333333337,3.16,3,2,2016.6666666666667,0
Alok Mittal and Sachin Bhatia,2.11,2.11,1,1,2018.0,0
OPPO,33.62,168.1,5,5,2016.8,0
GREE Ventures and Summit Media,47.17,47.17,1,1,2018.0,0
Nandan Nilekani,50.85416666666666,610.25,12,10,2016.3333333333333,1
Maverick Capital Ltd and HBM Healthcare Investments Ltd,85.77,85.77,1,1,2018.0,0
Baskar Subramanian,2.14,2.14,1,1,2018.0,0
Saket Kumar,2.14,2.14,1,1,2018.0,0
Gaurav Suri and Ankit Kesarwani,2.14,2.14,1,1,2018.0,0
Ranjan Pai,13.51,54.04,4,4,2017.0,0
Apoorva Patni,18.01,18.01,1,1,2018.0,0
HDFC Life,85.77,85.77,1,1,2018.0,0
HDFC Asset Management,85.77,85.77,1,1,2018.0,0
Avendus Finance Pvt. Ltd,83.2,83.2,1,1,2018.0,0
Aegon NV,65.19,65.19,1,1,2018.0,0
State Street Global Advisors,329.36,329.36,1,1,2018.0,0
Actis,703.31,703.31,1,1,2018.0,0
Sudhakar Pennam,0.0,0.0,1,1,2018.0,0
and other tech investors from Silicon Valley,0.0,0.0,1,1,2018.0,0
Bhavish Aggarwal,49.17333333333334,147.52,3,3,2016.6666666666667,0
Ankit Bhati,49.17333333333334,147.52,3,3,2016.6666666666667,0
Tiger Global and Apoletto Managers.,531.77,531.77,1,1,2018.0,0
1Crowd,3.495000000000001,27.960000000000004,8,7,2016.625,4
Amit Burman,25.73,25.73,1,1,2018.0,0
Jessica Wong,0.0,0.0,1,1,2018.0,0
Hiro Mashita,0.0,0.0,3,3,2016.3333333333333,4
Xue Manzi and Yiyun Zhang.,0.0,0.0,1,1,2018.0,0
Kumar Vembu,15.44,30.88,2,2,2017.5,0
Initia Holdings,8.58,8.58,1,1,2018.0,0
Vipin Agarwal and others.,8.58,8.58,1,1,2018.0,0
Unicorn India Ventures and ISME ACE.,17.15,17.15,1,1,2018.0,0
Ratan Tata,20.920689655172417,606.7,29,27,2015.7586206896551,1
Tracxn Labs,2.841875,45.47,16,14,2015.75,1
Patni family office and Axis Capital.,0.0,0.0,1,1,2018.0,0
Alibaba,2941.912,14709.56,5,5,2016.4,3
Girnar Software,17.15,17.15,1,1,2018.0,0
Bhavesh Manglani,0.0,0.0,1,1,2018.0,0
Suraj Saharan,0.0,0.0,2,2,2017.5,0
Darshan Upadhyay,0.0,0.0,1,1,2018.0,0
Sanjay Notani & Others,0.0,0.0,1,1,2018.0,0
Sandeep Mathur,430.565,861.13,2,2,2017.5,0
British and Indian Governments,0.0,0.0,1,1,2018.0,0
Social Capital,68.615,137.23,2,2,2017.5,0
Ashok Kumar Gajera,2.67,2.67,1,1,2018.0,0
Tribe Impact Capital LLP,0.0,0.0,1,1,2018.0,0
Michael & Susan Dell Foundation,43.144,215.72,5,4,2016.2,4
Kalpavriksh,25.73,25.73,1,1,2018.0,0
Dewang Neralla,2.145,4.29,2,2,2016.5,4
Mahesh Kothurkar,4.29,4.29,1,1,2018.0,0
Michael Patrick Hickey,1.27,1.27,1,1,2018.0,0
Mohammed Khan,1.075,2.15,2,1,2017.5,0
Sameer Narayan & Others,1.075,2.15,2,1,2017.5,0
Wargburg Pincus,171.54,171.54,1,1,2018.0,0
PNC,0.0,0.0,1,1,2018.0,0
Auxano Deals,6.63,6.63,1,1,2018.0,0
Kris Gopalakrishnan,79.97200000000001,799.72,10,10,2016.1,1
Pratithi Investment Trust,8.92,8.92,1,1,2018.0,0
Dr Devi Shetty,0.0,0.0,1,1,2018.0,0
Amit Manocha and others,2.14,2.14,1,1,2018.0,0
Times Internet,188.38857142857145,2637.44,14,14,2015.9285714285716,1
Unitus Seed Fund,9.20611111111111,165.70999999999998,18,16,2015.888888888889,1
Rohan Agila,0.0,0.0,1,1,2018.0,0
Nederlandse Financierings-Maatschappij voor Ontwikkelingslanden N.V.,40.31,40.31,1,1,2018.0,0
Amazon-Patni JV,161.59,161.59,1,1,2018.0,0
Pankaj Chopra,0.69,0.69,1,1,2018.0,0
Ankush Gupta,0.69,0.69,1,1,2018.0,0
Indian fintech fund,3.04,3.04,1,1,2018.0,0
Rainmatter,2.742,13.71,5,5,2016.2,4
Sunil Kant Munjal,214.42,214.42,1,1,2018.0,0
Hero Electronixs corporate financing arm,214.42,214.42,1,1,2018.0,0
Electronic Development Fund,214.42,214.42,1,1,2018.0,0
Goldman Sachs,540.7185714285714,3785.03,7,6,2016.7142857142856,1
Polaris Fund,8.58,8.58,1,1,2018.0,0
Incubate Fund India,0.0,0.0,1,1,2018.0,0
Anuj Agrawal,0.0,0.0,1,1,2018.0,0
DMI Finance,34.31,34.31,1,1,2018.0,0
Touchstone Equities,12.87,12.87,1,1,2018.0,0
BVR Mohan Reddy,6.435,12.87,2,2,2016.5,4
Shivani Singh,8.58,8.58,1,1,2018.0,0
Rahul Maroli,8.58,8.58,1,1,2018.0,0
Green Shots Capital,8.58,17.16,2,2,2017.5,0
Real Time Ventures.,8.58,8.58,1,1,2018.0,0
Scale Minds,0.0,0.0,1,1,2017.0,0
Apis Partner,407.41,814.8199999999999,2,2,2016.5,4
Eduardo Saverin,98.635,197.27,2,2,2016.5,4
Aamir Khan,10.29,10.29,1,1,2017.0,0
Hyderabad Angels,4.1610000000000005,41.61000000000001,10,10,2016.1,1
Rakesh Jhunjhunwala,253.02,506.04,2,2,2017.0,0
Mohan Tanksale,0.0,0.0,1,1,2017.0,0
Darshak Shah,0.0,0.0,1,1,2017.0,0
Mandar Mhatre,0.0,0.0,1,1,2017.0,0
RoundGlass Partners LLC,2.14,2.14,1,1,2017.0,0
Mountain Pain Capital,4.61,4.61,1,1,2017.0,0
InsuResillience Investment Fund,0.0,0.0,1,1,2017.0,0
Costanoa,81.48,81.48,1,1,2017.0,0
Swati Gupta,12.87,12.87,1,1,2017.0,0
Purnima Khandelwal,12.87,12.87,1,1,2017.0,0
E-City VEntures Atul Goel,8.58,8.58,1,1,2017.0,0
"Ontario Teachers'""",167.25,167.25,1,1,2017.0,0
Aneesh Reddy,5.195714285714286,36.37,7,7,2015.857142857143,4
Gaurav Gupta,0.0,0.0,2,2,2016.0,4
Jones Lang LaSalle,32.59,32.59,1,1,2017.0,0
Manish Poddar,4.89,4.89,1,1,2017.0,0
Arun Garg,4.89,4.89,1,1,2017.0,0
Parmeshwar Sharma,4.89,4.89,1,1,2017.0,0
Jayant Humbarwadi,0.0,0.0,1,1,2017.0,0
Nazara Technologies,0.0,0.0,2,2,2016.5,4
Deepak Jain,0.0,0.0,2,1,2017.0,0
Jim Schimdktke,0.0,0.0,1,1,2017.0,0
Titan Co Ltd,42.88,42.88,1,1,2017.0,0
Tata Groups watch and jewellery retailing firm,42.88,42.88,1,1,2017.0,0
Pioneering Ventures,25.73,25.73,1,1,2017.0,0
Syngenta AG,25.73,25.73,1,1,2017.0,0
Singtel,128.65,257.3,2,2,2016.0,4
Wipro Consumer Care,0.0,0.0,1,1,2017.0,0
GAIL India Ltd,0.0,0.0,1,1,2017.0,0
Rugmini Menon,0.0,0.0,1,1,2017.0,0
Girish Mathrubootham,4.492,67.38,15,15,2016.3333333333333,1
Apurva Chamaria,0.0,0.0,3,3,2017.0,0
Nishit Sharma,0.0,0.0,1,1,2017.0,0
Alok Srivastava,0.0,0.0,1,1,2017.0,0
Z Nation Lab,2.97,5.94,2,2,2017.0,0
Skycatcher Fund,2.82,2.82,1,1,2017.0,0
Aravind Sanka,2.82,2.82,1,1,2017.0,0
Dr. Aniruddha Malpani,1.3925,5.57,4,4,2015.75,4
MEMG CDC,223.0,223.0,1,1,2017.0,0
Global Institutional Investors,1715.4,1715.4,1,1,2017.0,0
Sandeep Aggarwal,0.0,0.0,3,3,2016.3333333333333,4
Javelin StartupO Victory Fund,2.14,2.14,1,1,2017.0,0
Amit Patni,2.97,8.91,3,3,2016.0,4
MediAssist,11.58,11.58,1,1,2017.0,0
Sachin Arora,0.0,0.0,1,1,2017.0,0
Digital Garage,61.142857142857146,428.0,7,5,2016.4285714285716,4
Sprout Angels,1.31,2.62,2,2,2016.0,4
Globevestor,4.717499999999999,18.87,4,4,2016.5,4
Carpediem Capital,27.8075,111.23,4,4,2016.5,4
Tara India Fund IV and others,68.62,68.62,1,1,2017.0,0
Das Capital and IT Farm,85.77,85.77,1,1,2017.0,0
Daffodil Software,0.0,0.0,1,1,2017.0,0
Firoze Irani,23.16,23.16,1,1,2017.0,0
Vipul Parekh,22.3,44.6,2,1,2016.5,4
Ananda Kallugadde,15.87,31.74,2,2,2016.5,4
Rajesh K Murthy,23.16,23.16,1,1,2017.0,0
Shailesh Haribhakti,0.0,0.0,1,1,2017.0,0
Orient BlackSwan,2.88,2.88,1,1,2017.0,0
Rahul Agarwalla,0.0,0.0,1,1,2017.0,0
Keshav Sanghi,2.145,4.29,2,2,2016.0,4
Batlivala & Karani Securities,4.1466666666666665,12.44,3,3,2016.3333333333333,4
Saama Capital and DSG Consumer Partners,38.6,38.6,1,1,2017.0,0
True North,660.43,660.43,1,1,2017.0,0
Snehal Mantri,2.14,2.14,1,1,2017.0,0
Anshu Bahadur,2.14,2.14,1,1,2017.0,0
Zephyr Peacock,42.885,85.77,2,1,2017.0,0
Experian,60.04,60.04,1,1,2017.0,0
Nexus,119.56636363636365,3945.69,33,29,2016.242424242424,1
Whiteboard Capital,12.865,25.73,2,2,2017.0,0
Sarbvir Singh,12.865,25.73,2,2,2016.5,4
Abhishek Bhatewara,0.0,0.0,1,1,2017.0,0
Paras Arora,0.0,0.0,1,1,2017.0,0
500 Startups,6.320909090909091,139.06,22,21,2015.6818181818185,1
Kotak Mahindra Bank,32.59,32.59,1,1,2017.0,0
Sandesh Kirkire,0.0,0.0,1,1,2017.0,0
Yogesh Chaudhary,0.0,0.0,3,3,2016.3333333333333,4
Mahindra & Mahindra and Infuse Ventures,17.15,17.15,1,1,2017.0,0
IL&FS,103.20666666666666,309.62,3,3,2017.3333333333333,0
Rosy Blue Securities,274.46,274.46,1,1,2017.0,0
YourNest Angel Fund,8.973076923076922,116.65,13,12,2015.923076923077,1
Mayur Abhaya,24.445,48.89,2,1,2017.5,0
Anand Mahindra,1.374,6.87,5,5,2016.0,4
Bertelsmann India,268.41700000000003,2684.17,10,6,2016.2,1
HIS Co. Ltd,85.77,85.77,1,1,2017.0,0
Greenoaks Capital,1500.975,6003.9,4,2,2016.25,1
Hero Enterprise,2144.25,2144.25,1,1,2017.0,0
Triodos Investment Management,59.18,59.18,1,1,2017.0,0
Sachin Tendulkar,26.59,53.18,2,2,2016.5,4
P.V SIndhu,53.18,53.18,1,1,2017.0,0
Pullela Gopichand,53.18,53.18,1,1,2017.0,0
Raman Roy,0.0,0.0,3,2,2016.3333333333333,4
Arvind Uppal,0.0,0.0,1,1,2017.0,0
Sonu Bhasin,0.0,0.0,1,1,2017.0,0
G Ravishankar,0.0,0.0,1,1,2017.0,0
Ashish Toshniwal,0.0,0.0,1,1,2017.0,0
Ajeet Khurana,1.5975,6.390000000000001,4,4,2015.5,4
Keiretsu Forum & Others,6.69,6.69,1,1,2017.0,0
Rajit Nanda,0.0,0.0,1,1,2017.0,0
Smarak Bhuyan,0.0,0.0,1,1,2017.0,0
Sashwat Brahma,0.0,0.0,1,1,2017.0,0
Rising Stars,0.0,0.0,1,1,2017.0,0
Manish Amin,0.0,0.0,1,1,2017.0,0
Pallav Pandey,0.0,0.0,1,1,2017.0,0
Chavi Jafa,0.0,0.0,1,1,2017.0,0
Shamik Sharma,10.72,21.44,2,2,2016.0,4
Aprameya Radhakrishna,2.474285714285714,34.64,14,12,2015.857142857143,1
AdvantEdge,8.578,42.89,5,5,2016.0,4
Sandway Investment Ltd,0.0,0.0,1,1,2017.0,0
Pearl Brook Holdings,0.0,0.0,1,1,2017.0,0
Silo Holdings and Al Nour,0.0,0.0,1,1,2017.0,0
LG Chandrasekhar,8.58,17.16,2,2,2017.0,0
Zomato Media Pvt. Ltd,0.0,0.0,1,1,2017.0,0
Mehul Shah,1.29,1.29,1,1,2017.0,0
Jamil Khatri,0.0,0.0,1,1,2017.0,0
Ravi Iyer,0.0,0.0,1,1,2017.0,0
Raghav Bahl,8.3625,33.45,4,3,2015.75,4
Startup Oasis,0.0,0.0,1,1,2017.0,0
Amiya Pathak,8.58,8.58,1,1,2017.0,0
Rajesh Yohanan and Rahul Garg,8.58,8.58,1,1,2017.0,0
Rivergate Capital,0.0,0.0,1,1,2017.0,0
Kashyap Deorah,4.86,14.58,3,3,2016.0,4
Anand Sankeshwar,4.13,8.26,2,2,2016.5,4
Sadashiva NT,0.0,0.0,1,1,2017.0,0
Arjun Mehta,0.0,0.0,1,1,2017.0,0
Anindya Ghose,0.0,0.0,1,1,2017.0,0
Anupam Mittal,5.207058823529413,88.52000000000001,17,17,2015.6470588235293,1
Hetal Sonpal,4.29,4.29,1,1,2017.0,0
Narottam Thudi,7.29,7.29,1,1,2017.0,0
Shireesh Palle,7.29,7.29,1,1,2017.0,0
Cismat Cargo Services Pvt. Ltd.,2.57,2.57,1,1,2017.0,0
Rajasthan Angel Investor Network,0.64,1.28,2,2,2016.5,4
Anuj Puri,0.0,0.0,2,2,2016.5,4
Siddharth Kothari,0.0,0.0,1,1,2017.0,0
R. Jayakumar,0.0,0.0,1,1,2017.0,0
Vaibhav Vohra,0.0,0.0,1,1,2017.0,0
Aditya Vazirani,0.0,0.0,1,1,2017.0,0
AVN Business Solutions,0.0,0.0,1,1,2017.0,0
Rahul Dev Kumar,1.89,1.89,1,1,2017.0,0
Rajesh Mahajan,1.89,1.89,1,1,2017.0,0
Venugopal Dhoot,26.59,26.59,1,1,2017.0,0
Ajay Bhatia,26.59,26.59,1,1,2017.0,0
Ganpat Singhvi,26.59,26.59,1,1,2017.0,0
Mandhian family & Others,26.59,26.59,1,1,2017.0,0
Tom Varkey,0.0,0.0,1,1,2017.0,0
Sanjay Shenoy,0.0,0.0,1,1,2017.0,0
Mridul Upreti,0.0,0.0,1,1,2017.0,0
Nazara Games,0.0,0.0,1,1,2017.0,0
Fullerton India Credit Company Ltd,2.68,2.68,1,1,2017.0,0
Krishnakumar Natarajan,3.3,3.3,1,1,2017.0,0
Ravi Bhardwaj,3.3,3.3,1,1,2017.0,0
Green Visor Capital LP II,0.0,0.0,1,1,2017.0,0
IA Venture Strategies Fund II LP,0.0,0.0,1,1,2017.0,0
Russell M Byrne,0.0,0.0,1,1,2017.0,0
The Oliver R. Grace,0.0,0.0,1,1,2017.0,0
Jr. Millennium Trust,0.0,0.0,1,1,2017.0,0
SF Capital Investments LP,0.0,0.0,1,1,2017.0,0
Social Alpha,0.0,0.0,2,2,2017.0,0
Kshitij Arora,0.0,0.0,1,1,2017.0,0
Blume Ventures. Lenovo Capital and Incubator Group (LCIG),0.0,0.0,1,1,2017.0,0
Riverwood Capital,686.16,686.16,1,1,2017.0,0
IIT Ropar,0.0,0.0,1,1,2017.0,0
Imanpreet Singh Arora,0.0,0.0,1,1,2017.0,0
Sidharth Rozario,0.0,0.0,1,1,2017.0,0
Saurabh Abichandani,0.0,0.0,1,1,2017.0,0
Haresh Chawla,18.2275,72.91,4,4,2015.75,4
Raksul,6.43,6.43,1,1,2017.0,0
PBS Srinivas,1.07,1.07,1,1,2017.0,0
Vinod Martin,0.7866666666666666,2.36,3,1,2017.0,0
Qualgro.,60.04,60.04,1,1,2017.0,0
UC-RNT fund,240.155,480.31,2,2,2017.0,0
growx ventures,7.758181818181819,85.34,11,11,2015.909090909091,1
Small Industries Development Bank of India (SIDBI),0.0,0.0,1,1,2017.0,0
Ward Ferry Management and Karst Peak Capital,291.62,291.62,1,1,2017.0,0
Sofina s.a.,257.31,257.31,1,1,2017.0,0
Lakshmi Narayanan,257.31,257.31,1,1,2017.0,0
Reliance Corporate Advisory Services Ltd,8.58,8.58,1,1,2017.0,0
JLL,13.295,26.59,2,2,2017.0,0
Rocketship,53.605,107.21,2,2,2017.0,0
Emergent Ventures India,0.0,0.0,1,1,2017.0,0
Pallav Nadhani,0.858,4.29,5,5,2016.0,4
Sirion Labs,0.0,0.0,1,1,2017.0,0
Sreeram Iyer,0.0,0.0,1,1,2017.0,0
Suvo Sarkar,0.0,0.0,1,1,2017.0,0
Anita Gupta,0.0,0.0,1,1,2017.0,0
Mitsui & Co.,235.865,471.73,2,2,2016.0,4
Dunamis Ventures Pte Ltd,13.94,27.880000000000003,2,2,2016.5,4
Sourav Ganguly,3.98,3.98,1,1,2017.0,0
Ankit Aditya,3.98,3.98,1,1,2017.0,0
Moksh Sports Ventures,3.98,3.98,1,1,2017.0,0
Apurva Salarpuria,0.0,0.0,1,1,2017.0,0
Sidharth Pansari,2.36,4.72,2,2,2016.5,4
SBI-FMO Fund,158.67,158.67,1,1,2017.0,0
Abhishek Gupta,5.145,10.29,2,2,2016.0,4
Brigade Innovations LLP,4.63,4.63,1,1,2017.0,0
TV Mohandas Pai,4.090714285714285,57.27,14,13,2015.7857142857144,1
Suhail Rahman,4.63,4.63,1,1,2017.0,0
Bobby Reddy,4.63,4.63,1,1,2017.0,0
M George Oommen,4.63,4.63,1,1,2017.0,0
Blacksoil Capital Pvt. Ltd,16.296666666666667,48.89,3,3,2016.6666666666667,0
Grey Orange,12.864999999999998,25.73,2,2,2016.5,4
Rajesh Ramaiah,17.15,17.15,1,1,2017.0,0
Anshuman Das,17.15,17.15,1,1,2017.0,0
IDG Ventures India Advisors,34.31,34.31,1,1,2017.0,0
Uber Technologies Inc,0.0,0.0,1,1,2017.0,0
Xelpmoc,0.0,0.0,2,2,2016.5,4
Renaud Laplanche,85.77,85.77,1,1,2017.0,0
Francesco Cara,0.0,0.0,1,1,2017.0,0
ABI-Showatech (India) Ltd,5.15,5.15,1,1,2017.0,0
Subramani Somasundaram,1.72,1.72,1,1,2017.0,0
Sundeep Sahni,1.72,1.72,1,1,2017.0,0
Mayank Mittal & Others,1.72,1.72,1,1,2017.0,0
Harmeet Bajaj,0.0,0.0,1,1,2017.0,0
Pameela P,0.0,0.0,1,1,2017.0,0
Aditya Singh,0.0,0.0,1,1,2017.0,0
Nspira,0.0,0.0,1,1,2017.0,0
Yuvraj Singh,0.0,0.0,2,2,2016.0,4
Amen Dhyllon,0.0,0.0,1,1,2017.0,0
Grace Grace Techno Ventures LLP,0.0,0.0,1,1,2017.0,0
TVS Motor Company,2.01,2.01,1,1,2017.0,0
Emerging India,428.85,428.85,1,1,2017.0,0
lockchain ecosystem Global Advisors,0.0,0.0,1,1,2017.0,0
Horseferry,0.0,0.0,1,1,2017.0,0
Sandeep Tandon,8.899375000000001,142.39,16,16,2016.0,1
Arun Patodia,0.0,0.0,1,1,2017.0,0
Bharat Kedia,0.0,0.0,1,1,2017.0,0
Farhan Naqvi,8.58,8.58,1,1,2017.0,0
SBI (Stand Up India Scheme),0.0,0.0,1,1,2017.0,0
Bodhtree Consulting Limited,1.99,1.99,1,1,2017.0,0
Mohan Alexander,1.5,3.0,2,1,2016.0,4
Vikrant Varshney,3.0,3.0,1,1,2017.0,0
Pawan Borle,1.285,2.57,2,2,2016.0,4
Vineet Varma,2.57,2.57,1,1,2017.0,0
Nick Haulkoury,2.57,2.57,1,1,2017.0,0
Abhai S. Rao,2.57,2.57,1,1,2017.0,0
Dr Ramesh Ayyala,2.14,2.14,1,1,2017.0,0
Satya Muthyala,2.14,2.14,1,1,2017.0,0
Cao Yibin,0.0,0.0,1,1,2017.0,0
Huang Wei,0.0,0.0,1,1,2017.0,0
Suresh Shankar,4.29,4.29,1,1,2017.0,0
Vivek Bhargava,2.14,8.56,4,4,2016.25,4
Founders Fund,0.0,0.0,1,1,2017.0,0
Cross Border Angels & Experts,0.0,0.0,2,2,2017.0,0
YouWeCan Ventures,1.270909090909091,13.98,11,10,2015.5454545454545,1
3one4 Capital Advisors LLP,34.31,34.31,1,1,2017.0,0
Startupxseed Ventures LLP,34.31,34.31,1,1,2017.0,0
91maker.com,2.57,2.57,1,1,2017.0,0
IIFL Seed Ventures,42.455,84.91,2,2,2016.5,4
The Grover Trust,38.6,38.6,1,1,2017.0,0
iBhubs,1.84,1.84,1,1,2017.0,0
alcon Edge Capital,1579.026,7895.13,5,4,2015.8,1
General Catalyst,30.445,60.89,2,2,2016.5,4
Founder Collective,39.45,39.45,1,1,2017.0,0
Bharat Vijay,4.29,4.29,1,1,2017.0,0
Krish Seshadri,4.29,4.29,1,1,2017.0,0
Amar Arsikere,4.29,4.29,1,1,2017.0,0
IFMR,25.903333333333336,155.42000000000002,6,6,2017.1666666666667,0
Kishore Ganji,42.88,42.88,1,1,2017.0,0
Venkat Vallabhaneni,42.88,42.88,1,1,2017.0,0
Rajeev Menon,42.88,42.88,1,1,2017.0,0
Seedfund,39.025000000000006,156.10000000000002,4,4,2015.5,4
Snow Leopard Ventures,42.88,42.88,1,1,2017.0,0
Gujarat Venture Finance Ltd,0.0,0.0,1,1,2017.0,0
Anthill Scale Ventures,2.67,2.67,1,1,2017.0,0
Inc95 Consulting,2.67,2.67,1,1,2017.0,0
Aparup Sengupta,0.0,0.0,1,1,2017.0,0
Devendra Reddy,0.0,0.0,1,1,2017.0,0
Udayan Goyal,25.73,25.73,1,1,2017.0,0
SAP.iO,17.15,17.15,1,1,2017.0,0
Abhinav Bindra,8.58,8.58,1,1,2017.0,0
Gaurav Marya,8.58,8.58,1,1,2017.0,0
Zeta,0.0,0.0,1,1,2017.0,0
Beenos,69.1525,553.22,8,8,2015.875,4
Hinduja family,0.0,0.0,1,1,2017.0,0
Rainbow Digital Services Pvt. Ltd,6.0,6.0,1,1,2017.0,0
ILearnFinance Academy Pvt. Ltd.,6.0,6.0,1,1,2017.0,0
Gokul Rajaram,29.55,59.1,2,2,2017.0,0
Aditya Agarwal,13.725,27.45,2,2,2016.5,4
Satoshi Studios,0.43,0.43,1,1,2017.0,0
Vellayan Subbiah,0.0,0.0,2,2,2016.0,4
Jonathan Boutelle,0.0,0.0,1,1,2017.0,0
Salil Donde,0.0,0.0,1,1,2017.0,0
Govind Rajan & Others,0.0,0.0,1,1,2017.0,0
Varsha Rao,0.0,0.0,1,1,2017.0,0
Surojit Chatterjee,0.0,0.0,1,1,2017.0,0
Chirag Nikunj Sheth & Others,0.0,0.0,1,1,2017.0,0
Aakrit Vaish,0.0,0.0,1,1,2017.0,0
Swapan Rajdev,0.0,0.0,1,1,2017.0,0
Sushill Jiwarajka,0.0,0.0,1,1,2017.0,0
Infibeam,98.06,196.12,2,2,2017.0,0
CCavenue,4.0,4.0,1,1,2017.0,0
IdeaSpring Capital,4.720000000000001,18.880000000000003,4,4,2017.0,0
Innovations East,25.73,25.73,1,1,2017.0,0
Ayesha Takia Azmi,8.58,8.58,1,1,2017.0,0
Abu Farhan Azmi,8.58,8.58,1,1,2017.0,0
Dheeraj Pandey,8.58,8.58,1,1,2017.0,0
Akash Garg,8.58,8.58,1,1,2017.0,0
Gokaldas Exports Ltd,0.0,0.0,1,1,2017.0,0
Uday Kotak,5.79,11.58,2,2,2016.5,4
Kiran Mazumdar-Shaw,5.145,10.29,2,2,2016.5,4
Rajiv C Mody,0.0,0.0,1,1,2017.0,0
Lahiri Musics family office,0.0,0.0,1,1,2017.0,0
PV Sahad,0.0,0.0,1,1,2017.0,0
Rahul Gupta,0.0,0.0,1,1,2017.0,0
Great Oaks Ventures,12.87,12.87,1,1,2017.0,0
Rohto Pharmaceutical,42.88,42.88,1,1,2017.0,0
Mathew Cyriac,30.660000000000004,61.32000000000001,2,2,2017.0,0
Florintree Advisors,32.59,32.59,1,1,2017.0,0
Vispi Daver,31.65,31.65,1,1,2017.0,0
Keyur Joshi,4.29,4.29,1,1,2017.0,0
Pavan Bakeri,4.29,4.29,1,1,2017.0,0
Koen Bouwers,4.29,4.29,1,1,2017.0,0
Pablo van den Bosch & Others,4.29,4.29,1,1,2017.0,0
Deepak Kulkarni,0.0,0.0,1,1,2017.0,0
Herb Madan,0.0,0.0,1,1,2017.0,0
Ishwar Singh,0.0,0.0,1,1,2017.0,0
Farhaan Shabbir,0.0,0.0,1,1,2017.0,0
Labruyere Eberl,0.0,0.0,1,1,2017.0,0
Mistletoe,34.305,68.61,2,2,2016.5,4
Philippe Bouchet,0.86,0.86,1,1,2017.0,0
Sushil Kumar,0.0,0.0,1,1,2017.0,0
Sandeep Singh,0.0,0.0,1,1,2017.0,0
Ivycap Ventures Advisors,34.31,34.31,1,1,2017.0,0
Singularity Ventures and Ravi Dhariwal,34.31,34.31,1,1,2017.0,0
Nishant Rao,38.6,38.6,1,1,2017.0,0
Dileep Nath,38.6,38.6,1,1,2017.0,0
DHI Group Inc,38.6,38.6,1,1,2017.0,0
BizReach,38.6,38.6,1,1,2017.0,0
R Ramaraj,0.0,0.0,2,2,2016.0,4
Urrshila Kerkar,66.04,66.04,1,1,2017.0,0
SIMI Pacific Pte,2230.02,2230.02,1,1,2017.0,0
Tolaram Inc,12.87,12.87,1,1,2017.0,0
Jacqueline Fernandez,0.0,0.0,1,1,2017.0,0
Nibhrant Shah,1.5,1.5,1,1,2017.0,0
Anirudh Sheth,1.5,1.5,1,1,2017.0,0
Pratik Singhi,1.5,1.5,1,1,2017.0,0
Vikram Mehta,1.5,1.5,1,1,2017.0,0
Murali Nair,1.5,1.5,1,1,2017.0,0
Gaurav Kachru,5.32,5.32,1,1,2017.0,0
Jatin Aneja,2.66,5.32,2,2,2016.0,4
Arun Malhotra,5.32,5.32,1,1,2017.0,0
IndiaNivesh Venture Capital Fund,17.15,17.15,1,1,2017.0,0
SIDBI Venture Capital Ltd,15.436666666666667,46.31,3,3,2015.6666666666667,4
Ankit Nagori,0.0,0.0,3,3,2016.0,4
Ravi Garikipati,5.36,10.72,2,2,2016.5,4
Sashi Reddi,8.866666666666667,26.6,3,3,2016.0,4
RuNet South Asia,54.04,54.04,1,1,2017.0,0
Arun Tadanki,0.7000000000000001,2.1,3,3,2016.0,4
DAH Beteiligungs GmbH,94.35,94.35,1,1,2017.0,0
S. Xavier Britto,12.87,12.87,1,1,2017.0,0
Team Builder Ventures,0.0,0.0,1,1,2017.0,0
Poshika Financial Ecosystem,0.0,0.0,1,1,2017.0,0
SoftBank Group Corp,2830.41,2830.41,1,1,2017.0,0
Vishwadeep Bajaj,0.0,0.0,2,2,2016.5,4
Harsh Kundra,0.0,0.0,1,1,2017.0,0
Nandkumar Rane,0.0,0.0,1,1,2017.0,0
LN Buddharaju,0.0,0.0,1,1,2017.0,0
Anupam Tyagi,0.0,0.0,1,1,2017.0,0
Langoor,0.0,0.0,1,1,2017.0,0
Bhupen Shah,1.18,2.36,2,2,2016.5,4
Gautam Chhaochharia,0.0,0.0,1,1,2017.0,0
R Balachandar,0.0,0.0,1,1,2017.0,0
Atul Nishar,30.590000000000003,91.77,3,3,2016.0,4
Tushar Mittal,1.29,1.29,1,1,2017.0,0
Star India Pvt Ltd,85.77,85.77,1,1,2017.0,0
IDFC Parampara Early Stage Opportunities Fund,8.58,8.58,1,1,2017.0,0
National Science and Technology Entrepreneurship Development Board,0.26,0.26,1,1,2017.0,0
Draper Associates,31.31,31.31,1,1,2017.0,0
Private Sector Banks (Debt Funding),128.66,128.66,1,1,2017.0,0
Deepak Gurnani,4.29,4.29,1,1,2017.0,0
Asuka,0.0,0.0,3,3,2016.6666666666667,0
BEENEXT,32.69866666666667,980.96,30,24,2016.6666666666667,1
Cyber Carrier,11.436666666666667,34.31,3,3,2016.3333333333333,4
Chidambaram Palaniappan,28.73,28.73,1,1,2017.0,0
Bharat Sheth,28.73,28.73,1,1,2017.0,0
Nimitt Desai & Others,0.0,0.0,1,1,2017.0,0
and Gurpreet Singh,26.59,26.59,1,1,2017.0,0
Bhupender Singh,1.72,1.72,1,1,2017.0,0
Microsoft,6102.535,12205.07,2,2,2016.5,3
eBay,12007.8,12007.8,1,1,2017.0,3
LOccitane,48.46,96.92,2,1,2016.5,4
Shripad Nadkarni,8.575,17.15,2,2,2016.0,4
Nandu Nandkishore,0.0,0.0,1,1,2017.0,0
Ravi Saxena,9.395,18.79,2,2,2016.0,4
Rohit Sethi,0.0,0.0,1,1,2017.0,0
Gaurav Luniya,0.0,0.0,1,1,2017.0,0
Vikas Bajaj,0.0,0.0,1,1,2017.0,0
Amit Kharbanda,0.0,0.0,1,1,2017.0,0
Puneet Motihar,2.79,2.79,1,1,2017.0,0
Neoplux Technology Fund,85.77,85.77,1,1,2017.0,0
Prof. Ram Kumar Kakani & Others,0.43,0.43,1,1,2017.0,0
Meher Roy,0.0,0.0,1,1,2017.0,0
Nikhil Arora,0.0,0.0,1,1,2017.0,0
Meet Kanodia,0.0,0.0,1,1,2017.0,0
Krit Sankalp,0.0,0.0,1,1,2017.0,0
Stelcore Management Services,1.33,1.33,1,1,2017.0,0
Anjani Prasad,1.33,1.33,1,1,2017.0,0
Samridhi Fund,25.73,25.73,1,1,2017.0,0
Satveer Thakral,0.0,0.0,1,1,2017.0,0
Greycroft,131.51333333333332,394.54,3,1,2016.0,4
Satya D Sinha,0.0,0.0,1,1,2017.0,0
Venture Works,14.795,29.59,2,2,2016.5,4
Earlsfield Capital,3.76,11.28,3,3,2016.0,4
Japan Vyas,0.0,0.0,1,1,2017.0,0
Tarun Adlakha,0.0,0.0,1,1,2017.0,0
Facebook FB Start programme,0.34,0.34,1,1,2017.0,0
Ganesh Natarajan,0.0,0.0,2,2,2016.5,4
Al Dhaheri family,4.29,4.29,1,1,2017.0,0
ThinQbate,0.0,0.0,1,1,2017.0,0
Anil Jain & other HNIs,27.45,27.45,1,1,2017.0,0
Kleiner Perkins,128.66,128.66,1,1,2017.0,0
Pine Brook,128.66,128.66,1,1,2017.0,0
Mohit Joshi & Others,2.83,2.83,1,1,2017.0,0
Mahalingam K,2.57,2.57,1,1,2017.0,0
Punit Soni,0.0,0.0,3,2,2016.0,4
Utsav Somani,1.585,3.17,2,2,2016.5,4
Vishal Gondal,7.863333333333333,23.59,3,3,2016.0,4
Vikram Limaye,0.0,0.0,1,1,2017.0,0
Pavan Ongole,2.286666666666666,6.86,3,3,2016.0,4
White Unicorn Ventures,0.0,0.0,2,2,2016.5,4
Softbank Ventures Korea,64.33,128.66,2,1,2016.5,4
Nitin Saluja,0.0,0.0,1,1,2017.0,0
Pankaj Rungta,0.0,0.0,1,1,2017.0,0
Ishan Manaktala,0.0,0.0,1,1,2017.0,0
Chandigarh Angels,0.5366666666666667,3.22,6,6,2016.3333333333333,4
Sunil Singh & Others,3.22,3.22,1,1,2017.0,0
Paragon Trust,8.58,8.58,1,1,2017.0,0
Sanjiv Rangrass,600.39,600.39,1,1,2017.0,0
Rajiv Mehta,0.0,0.0,2,2,2016.5,4
DanGold Investment Corp,0.0,0.0,1,1,2017.0,0
Marico Innovation Foundation (MIF),0.0,0.0,1,1,2017.0,0
Villgro,0.0,0.0,2,2,2016.5,4
Jasper Infotech Pvt Ltd,488.89,488.89,1,1,2017.0,0
William Campbell,19.3,19.3,1,1,2017.0,0
Toos N Daruvala,19.3,19.3,1,1,2017.0,0
Evan Lim,1.29,2.58,2,1,2016.5,4
Kanchan Ghoshal,0.43,0.86,2,1,2016.5,4
Ronnie Screwvala,30.02,30.02,1,1,2017.0,0
Zishaan Hayath,4.137499999999999,33.099999999999994,8,8,2015.5,4
Karan Chellani,0.0,0.0,2,2,2016.5,4
Mohit Satyan,0.0,0.0,3,3,2016.0,4
Andre Hoffman,85.77,85.77,1,1,2017.0,0
Harsh V. Pant,0.0,0.0,1,1,2017.0,0
Ratheesh Raveendran,0.0,0.0,1,1,2017.0,0
Quarizon,0.5971428571428571,4.18,7,7,2016.142857142857,4
Menterra Social Impact Fund,5.315,10.63,2,2,2016.5,4
ru-Net,177.615,1065.69,6,6,2015.8333333333333,4
Ajith Nair,0.63,1.26,2,2,2016.5,4
Anish K,6.105,24.42,4,4,2015.75,4
Praveen Dubey,0.0,0.0,1,1,2017.0,0
J.P. Bhatt,0.0,0.0,1,1,2017.0,0
Umang Moondra,0.0,0.0,1,1,2017.0,0
YourNest Fund II,0.0,0.0,1,1,2017.0,0
India Educational Investment Fund,0.0,0.0,5,5,2016.0,4
GMO Japan,34.31,34.31,1,1,2017.0,0
Neelesh Bhatnagar,34.31,34.31,1,1,2017.0,0
Alexander Bruehl,0.0,0.0,1,1,2017.0,0
ABM Knowledgeware,18.87,18.87,1,1,2017.0,0
V Aanand R,2.57,2.57,1,1,2017.0,0
Puthen & Cole,0.0,0.0,1,1,2017.0,0
The Ten Minute Million,0.4575,1.83,4,4,2017.0,0
Soham Vencaps,10.29,10.29,1,1,2016.0,4
American Express Ventures,17.155,34.31,2,2,2016.0,4
Franchise India,11.436666666666667,34.31,3,3,2016.0,4
Ajith Sukumaran,0.0,0.0,1,1,2016.0,4
Currae Healthtech Fund,2.13,6.39,3,3,2016.0,4
Eros Labs,2.145,4.29,2,2,2016.0,4
Mohan Kumar,0.0,0.0,1,1,2016.0,4
Venk Krishnan,1.8,7.2,4,4,2015.75,4
Vikram Kotak,3.77,3.77,1,1,2016.0,4
Jayant Davar,3.77,3.77,1,1,2016.0,4
Ramkumar Nishtal,3.77,3.77,1,1,2016.0,4
Appliyifi,0.0,0.0,1,1,2016.0,4
Max Ventures and Industries,0.0,0.0,1,1,2016.0,4
Verlinvest SA,85.77,85.77,1,1,2016.0,4
Ashvin Chadha,21.786,108.93,5,5,2015.4,4
Chanakya Hridaya,0.0,0.0,1,1,2016.0,4
Ramasubramaniam B,0.0,0.0,1,1,2016.0,4
Nobel House,0.0,0.0,1,1,2016.0,4
Zodius Technology Opportunities Fund,56.175,112.35,2,2,2016.0,4
Anbu Pandian,0.645,1.29,2,2,2016.0,4
Prabhakar MR & Others,1.29,1.29,1,1,2016.0,4
Swastika Investmart Ltd,2.55,2.55,1,1,2016.0,4
Infosys Innovation Fund,85.77,85.77,1,1,2016.0,4
Emerald Media,364.525,729.05,2,2,2016.0,4
Premji Invest,300.2,300.2,1,1,2016.0,4
North Base Media,12.865,25.73,2,2,2016.0,4
Anuj Golecha,0.0,0.0,1,1,2016.0,4
Anirudh Damani,0.6433333333333334,3.86,6,6,2015.8333333333333,4
Taxmann,2.78,2.78,1,1,2016.0,4
Harminder Sahani,2.57,2.57,1,1,2016.0,4
KK Mehra,2.57,2.57,1,1,2016.0,4
Pranay Jivrajka,1.285,2.57,2,2,2016.0,4
Navjot Saini,2.57,2.57,1,1,2016.0,4
Lead Angels Group & Others,0.0,0.0,1,1,2016.0,4
Pradyumna Dalmia,3.0,6.0,2,2,2015.5,4
S. Somasegar & Others,0.0,0.0,1,1,2016.0,4
Ritesh Mehta,0.0,0.0,1,1,2016.0,4
Kedar Lele,1.72,1.72,1,1,2016.0,4
Yogesh Andlay,0.0,0.0,1,1,2016.0,4
Aavishkaar Venture Management,8.58,8.58,1,1,2016.0,4
Ameera Shah,1.4233333333333331,4.27,3,3,2016.0,4
A M Sikander,0.39,0.39,1,1,2016.0,4
Justin Kan,25.73,25.73,1,1,2016.0,4
Qasar Younis,25.73,25.73,1,1,2016.0,4
Paul Bucche,25.73,25.73,1,1,2016.0,4
iSON,8.58,8.58,1,1,2016.0,4
Gleevoaz Ventures,0.0,0.0,1,1,2016.0,4
Arun Seth,0.0,0.0,1,1,2016.0,4
RTP-HC,42.88,42.88,1,1,2016.0,4
Hitesh Windlass,0.0,0.0,1,1,2016.0,4
Khosla Impact,54.75,164.25,3,3,2015.6666666666667,4
YMS Mobitech,0.0,0.0,1,1,2016.0,4
Sanjai Vohra,0.0,0.0,1,1,2016.0,4
V. Bunty Bohra,0.0,0.0,1,1,2016.0,4
Dr. Pooja Gandhi,0.0,0.0,1,1,2016.0,4
Barkawi Holdings GmbH,0.0,0.0,2,1,2016.0,4
TM Service Technology Holdings Gmbh,0.0,0.0,2,1,2016.0,4
Sreevathsa Prabhakar,0.0,0.0,1,1,2016.0,4
VC Karthic,0.0,0.0,1,1,2016.0,4
Umasankar Nistala,0.0,0.0,1,1,2016.0,4
Rakesh Patel,0.0,0.0,1,1,2016.0,4
Akash Bhavsar,0.0,0.0,1,1,2016.0,4
Jeevanandhan Rajagopal,0.0,0.0,1,1,2016.0,4
Vikas Chadha & Others,0.0,0.0,1,1,2016.0,4
Reliance Entertainment,0.0,0.0,1,1,2016.0,4
Subramanya Venkat,0.0,0.0,2,2,2016.0,4
Lumina Datamatics,8.58,8.58,1,1,2016.0,4
Shun Yoshida & Others,8.58,8.58,1,1,2016.0,4
Yang Shu,8.26,8.26,1,1,2016.0,4
Nitesh Pant,1.29,1.29,1,1,2016.0,4
Milind Chaudhary,1.72,1.72,1,1,2016.0,4
Krishna Rokhale,0.86,0.86,1,1,2016.0,4
Mahindra Univeg,0.0,0.0,1,1,2016.0,4
Viraj Tyagi & Others,1.72,3.44,2,1,2015.5,4
Naveen Arya,17.15,17.15,1,1,2016.0,4
Tarun Joshi,17.15,17.15,1,1,2016.0,4
SeedPlus,20.905,41.81,2,2,2016.0,4
TransGlobal FZC,25.73,25.73,1,1,2016.0,4
Pravin Gandhi,8.58,8.58,1,1,2016.0,4
Elevate Sports,18.009999999999998,36.02,2,1,2015.5,4
Narayan Seshadri,128.66,128.66,1,1,2016.0,4
Radhakrishnan Natarajan & Others,0.0,0.0,1,1,2016.0,4
Nitin Passi,4.29,4.29,1,1,2016.0,4
Arun Venkatachalam,0.0,0.0,2,2,2015.5,4
Badal Malick,0.445,0.89,2,2,2016.0,4
Virendra Patel,3.86,3.86,1,1,2016.0,4
Karan Bhagat,0.0,0.0,1,1,2016.0,4
ByteDance,214.42,214.42,1,1,2016.0,4
Mayank Shah,8.58,8.58,1,1,2016.0,4
Vishnu Bhat,0.0,0.0,1,1,2016.0,4
Rajiv Lunkad,0.0,0.0,1,1,2016.0,4
Naresh Ravindranath,0.0,0.0,1,1,2016.0,4
Boman Irani,0.0,0.0,1,1,2016.0,4
Dhruv Chitgopekar,0.0,0.0,1,1,2016.0,4
Prantik Dasgupta,0.0,0.0,1,1,2016.0,4
Hemant Sahni,2.57,2.57,1,1,2016.0,4
Newbie Promoters,1.29,1.29,1,1,2016.0,4
Next Orbit Ventures Fund,6.43,6.43,1,1,2016.0,4
Mobikon,0.0,0.0,1,1,2016.0,4
KAE capital,19.973571428571432,559.2600000000001,28,24,2016.4,1
Swastika Company Ltd,1.148,5.74,5,5,2016.0,4
Lalit Vase,0.86,0.86,1,1,2016.0,4
hooting Starts Sports LLP,8.58,8.58,1,1,2016.0,4
Eureka Forbes Ltd,6.0,6.0,1,1,2016.0,4
Hero MotoCorp,231.58,231.58,1,1,2016.0,4
Ajay Nanavati,0.0,0.0,1,1,2016.0,4
Afsal Salu,0.0,0.0,2,2,2015.5,4
Michael Herzig,6.43,6.43,1,1,2016.0,4
Ashish Lakhanpal,6.43,6.43,1,1,2016.0,4
Pradeep Dhobale,0.0,0.0,1,1,2016.0,4
Amit Choudhary,0.0,0.0,2,2,2016.0,4
Grasshoppers,0.0,0.0,1,1,2016.0,4
Anita Dongre,0.0,0.0,1,1,2016.0,4
Milind Sarwate,0.0,0.0,1,1,2016.0,4
William Bissel,6.433333333333334,19.3,3,3,2015.3333333333333,4
Susquehanna International Group. Wavemaker Partners,68.62,68.62,1,1,2016.0,4
Sailender Solanki,2.7,2.7,1,1,2016.0,4
Rajiv Solanki,2.7,2.7,1,1,2016.0,4
CareerNet Consulting Pvt. Ltd,5.75,5.75,1,1,2016.0,4
Ideation Initiative Pvt. Ltd,5.75,5.75,1,1,2016.0,4
Chan Zuckerberg Initiative,428.85,428.85,1,1,2016.0,4
Ravi Linganuri,0.0,0.0,1,1,2016.0,4
Dr. Rameshwar Kumar,1.29,1.29,1,1,2016.0,4
Amit Nagar,3.86,3.86,1,1,2016.0,4
Zain Raj,0.0,0.0,1,1,2016.0,4
Dr. Prasad Kaipa,0.0,0.0,1,1,2016.0,4
Abaran Deep,0.0,0.0,1,1,2016.0,4
Aseem Sood,0.0,0.0,1,1,2016.0,4
Mustafa Patni,0.0,0.0,1,1,2016.0,4
Nikhil Golcha,3.84,3.84,1,1,2016.0,4
Shubham Gupta,3.84,3.84,1,1,2016.0,4
Roy Kwan,3.84,3.84,1,1,2016.0,4
Fork Media,25.73,25.73,1,1,2016.0,4
Mariwala family,105.5,105.5,1,1,2016.0,4
Pradeep Mirani,2.57,2.57,1,1,2016.0,4
Aqeel Ahmed,1.285,2.57,2,1,2016.0,4
Anand Ladsariya,2.355,4.71,2,2,2016.0,4
Raj Singh Bhandal,0.0,0.0,1,1,2016.0,4
Scadea Solutions Inc,0.0,0.0,1,1,2016.0,4
Palash Jain,1.72,1.72,1,1,2016.0,4
Ramana Thumu,0.86,0.86,1,1,2016.0,4
Sudhir Mallem,0.86,0.86,1,1,2016.0,4
Sumit Jain,0.858,4.29,5,5,2015.8,4
KellyGamma,0.0,0.0,1,1,2016.0,4
Lead Angels & Others,0.0,0.0,2,2,2016.0,4
Lothal Angel Ventures,2.56,2.56,1,1,2016.0,4
Anglian Omega Network,1.5,3.0,2,2,2016.0,4
Idea Wave Labs,0.0,0.0,1,1,2016.0,4
Prashant Tandon,0.0,0.0,2,2,2015.5,4
Gaurav Agarwal,0.0,0.0,2,2,2016.0,4
Gaurav Bhogle,0.0,0.0,1,1,2016.0,4
Shrishti Sahu,0.0,0.0,1,1,2016.0,4
Shantanu Mathur,0.0,0.0,1,1,2016.0,4
Prabhat Aggarwal,0.0,0.0,1,1,2016.0,4
Procam International Pvt. Ltd,0.0,0.0,1,1,2016.0,4
Blue Cloud Ventures,437.43,437.43,1,1,2016.0,4
Hercules Capital,437.43,437.43,1,1,2016.0,4
Ajay Lakhotia,0.0,0.0,1,1,2016.0,4
Boost VC,12.87,12.87,1,1,2016.0,4
Bank to the Future and Funders Club,12.87,12.87,1,1,2016.0,4
Bhavin Turakhia,162.96,162.96,1,1,2016.0,4
Syska LED group,21.44,21.44,1,1,2016.0,4
The HR Fund,9.865,19.73,2,2,2015.5,4
Quintillion Media,7.346666666666667,22.04,3,2,2015.3333333333333,4
Darius Pandole,8.58,8.58,1,1,2016.0,4
Kunal Khattar,8.58,8.58,1,1,2016.0,4
Dheerag Jain,8.58,8.58,1,1,2016.0,4
Paul Roy,7.63,7.63,1,1,2016.0,4
Sharad Sharma & 14 others,4.29,4.29,1,1,2016.0,4
Noshir Kaka,5.15,5.15,1,1,2016.0,4
Subramanian Ramadorai,5.15,5.15,1,1,2016.0,4
Kiran Deshpande,5.15,5.15,1,1,2016.0,4
Pankaj Gupta,11.15,22.3,2,2,2015.5,4
Ravi Nigam & Others,5.15,5.15,1,1,2016.0,4
Soumitra Sharma,0.0,0.0,1,1,2016.0,4
Mukul Singhal,7.295,14.59,2,2,2015.5,4
HT Media Ltd,18.87,37.74,2,2,2016.0,4
Manoj Varghese,0.0,0.0,2,1,2015.5,4
Ananth Narayanan,2.14,2.14,1,1,2016.0,4
Divyesh Shah,2.14,2.14,1,1,2016.0,4
Sachin Khandelwal and others,3.22,3.22,1,1,2016.0,4
Maninder Gulati,0.0,0.0,2,2,2016.0,4
Aspire Systems,0.0,0.0,1,1,2016.0,4
Exfinity Venture Partners & Others,0.0,0.0,1,1,2016.0,4
Vijay Kedia,0.0,0.0,1,1,2016.0,4
Kamal Chabra,0.86,0.86,1,1,2016.0,4
Dr. Goutam Challagalla,0.0,0.0,1,1,2016.0,4
Jaspreet Bindra,1.72,1.72,1,1,2016.0,4
Rohit Chokhani,0.0,0.0,1,1,2016.0,4
Ashish Tulsian,8.58,8.58,1,1,2016.0,4
Vineet Taneja,0.0,0.0,1,1,2016.0,4
Kamal Puri,0.0,0.0,1,1,2016.0,4
Mohit Lalvani,4.29,4.29,1,1,2016.0,4
CureFit,25.73,25.73,1,1,2016.0,4
Arpan Nagdeve,0.0,0.0,1,1,2016.0,4
Ford Smart Mobility Llc,205.85,205.85,1,1,2016.0,4
Instalabs,4.29,4.29,1,1,2016.0,4
Dr. Abhishek Pandey,25.73,25.73,1,1,2016.0,4
Jaysukh Sapra,25.73,25.73,1,1,2016.0,4
Hitouch AG,0.0,0.0,1,1,2016.0,4
Ashutosh Lawania,0.89,0.89,1,1,2016.0,4
Rajul Jain,0.89,0.89,1,1,2016.0,4
MediaTek Inc.,514.62,514.62,1,1,2016.0,4
Ambit Pragma,0.0,0.0,1,1,2016.0,4
Aramex Ventures Llc,17.15,17.15,1,1,2016.0,4
Aspada,122.95714285714288,860.7,7,7,2016.2857142857144,4
Gaurav Singhvi,2.14,2.14,1,1,2016.0,4
Kirthiga Reddy,2.55,2.55,1,1,2016.0,4
Renuka Ramanath,2.55,2.55,1,1,2016.0,4
Cherry Tin,2.55,2.55,1,1,2016.0,4
Rothenberg Ventures,0.0,0.0,1,1,2016.0,4
Alex Chua,0.0,0.0,1,1,2016.0,4
Blume Ventures & IvyCap Ventures,51.46,51.46,1,1,2016.0,4
Brian Acton,30.02,30.02,1,1,2016.0,4
Stanford Angels & Entrepreneurs,0.0,0.0,1,1,2016.0,4
Rishi Parti,2.145,4.29,2,2,2015.5,4
Ajay Piramal,0.0,0.0,1,1,2016.0,4
Jaspal Bindra,0.0,0.0,1,1,2016.0,4
Parth Jindal,0.0,0.0,1,1,2016.0,4
Plug and Play Tech Center,9.18,9.18,1,1,2016.0,4
Varun Khanna,0.0,0.0,1,1,2016.0,4
Faraz Khan,0.0,0.0,1,1,2016.0,4
GEMS group,2.14,2.14,1,1,2016.0,4
Abhijit Avasthi,0.0,0.0,1,1,2016.0,4
Intelli Reboot Digital Pvt. Ltd,0.0,0.0,1,1,2016.0,4
Satish Jamdar,0.0,0.0,1,1,2016.0,4
Sarath Sura,6.84,13.68,2,2,2016.0,4
Shanti Mohan,5.1,5.1,1,1,2016.0,4
Suramya Gupta,5.1,5.1,1,1,2016.0,4
Nihon Kotsu Co,8.58,8.58,1,1,2016.0,4
MapmyIndia,0.0,0.0,1,1,2016.0,4
Sreenivasa Reddy Musani,3.84,3.84,1,1,2016.0,4
Yeahmobi,17.15,17.15,1,1,2016.0,4
Fenqile,17.15,17.15,1,1,2016.0,4
Salesforce Ventures,197.27,197.27,1,1,2016.0,4
Amit Rathore,0.0,0.0,1,1,2016.0,4
Axiata Digital,137.23,137.23,1,1,2016.0,4
BlackJag Partners,1.72,1.72,1,1,2016.0,4
Cameron Jones,0.0,0.0,1,1,2016.0,4
Ritesh Dwivedy,8.575,17.15,2,2,2015.5,4
Priti Padhy,0.0,0.0,1,1,2016.0,4
Vivek Joshi,0.0,0.0,2,2,2015.5,4
TVS Automobile Solutions Ltd,0.0,0.0,3,3,2016.0,4
MCube8,0.0,0.0,1,1,2016.0,4
You & Mr Jones,51.46,51.46,1,1,2016.0,4
Diaz Nesamoney,51.46,51.46,1,1,2016.0,4
Blume Ventures & Vaibhav Domkundwar,8.58,8.58,1,1,2016.0,4
IvyCap Ventures and Unicorn India Ventures,0.0,0.0,1,1,2016.0,4
Atul Ingle,0.0,0.0,1,1,2016.0,4
Guy Oseary,0.0,0.0,1,1,2016.0,4
Nimmagadda Prasad,0.0,0.0,1,1,2016.0,4
Ravi Adusumalli,102.92,102.92,1,1,2016.0,4
BetOnIndia Technology Pvt Ltd,0.0,0.0,1,1,2016.0,4
Sanjay Verma,0.0,0.0,1,1,2016.0,4
IndiaMart,0.0,0.0,1,1,2016.0,4
Rahul Kirloskar,1.29,1.29,1,1,2016.0,4
Fusion Tech Ventures,1.29,1.29,1,1,2016.0,4
Adi Saravanan,1.29,1.29,1,1,2016.0,4
Mahendra Doshi,1.29,1.29,1,1,2016.0,4
Pankaj Tripathi,0.43,0.43,1,1,2016.0,4
Phanindra Sama,9.236999999999998,92.37,10,9,2015.5,1
Subba Rao Telidevara,10.29,10.29,1,1,2016.0,4
vCommission,0.8266666666666667,2.48,3,2,2016.0,4
Harsh Vardhan Hada,0.43,0.43,1,1,2016.0,4
Piyush Jain,0.0,0.0,1,1,2016.0,4
Niloufer Dundh,0.0,0.0,1,1,2016.0,4
Fauzan Rahim,0.0,0.0,1,1,2016.0,4
Balamurugan Mani,0.0,0.0,1,1,2016.0,4
Hrishi Oberoi,1.72,1.72,1,1,2016.0,4
Pranav Dedhia,1.72,1.72,1,1,2016.0,4
India Alternatives,102.92,102.92,1,1,2016.0,4
Grex.in,1.72,3.44,2,2,2016.0,4
Rajul Garg & Others,0.0,0.0,1,1,2016.0,4
Roopak Saluja,3.86,3.86,1,1,2016.0,4
Vishal Khare,3.1733333333333333,9.52,3,3,2015.3333333333333,4
Sandeep Gupta,2.14,2.14,1,1,2016.0,4
Khazanah Nasional Berhad,614.6866666666666,1844.06,3,3,2015.3333333333333,4
GROUPE SOS,1.29,1.29,1,1,2016.0,4
Siddharth Banerjee,0.0,0.0,1,1,2016.0,4
Anshul Jindal,0.0,0.0,1,1,2016.0,4
Anurag Chauhan,0.0,0.0,1,1,2016.0,4
Kaizen Management Advisors,85.77,85.77,1,1,2016.0,4
DeVry Inc,85.77,85.77,1,1,2016.0,4
Ravi Machani,0.0,0.0,1,1,2016.0,4
Chatsworth Management,4.29,4.29,1,1,2016.0,4
Pradeep Reddy Kamasan,0.0,0.0,1,1,2016.0,4
NSI Infinium Global Pvt. Ltd,76.34,76.34,1,1,2016.0,4
Maiden Lane Ventures,23.16,23.16,1,1,2016.0,4
CSC Upshot & Angel investors,23.16,23.16,1,1,2016.0,4
and Ajai Chowdhry,0.0,0.0,1,1,2016.0,4
N.S. Raghavan Centre for Entrepreneurial Learning,0.0,0.0,1,1,2016.0,4
DTDC Express Ltd,8.58,8.58,1,1,2016.0,4
Ninestarter,4.29,4.29,1,1,2016.0,4
Nilender Chauhan,0.34,0.34,1,1,2016.0,4
Rattan Chadha,1.72,1.72,1,1,2016.0,4
Wingify,0.0,0.0,1,1,2016.0,4
DSG Consumer Partners and Venture Nursery,857.7,857.7,1,1,2016.0,4
Daud Ali,0.0,0.0,2,2,2016.0,4
Narendra Karnavat,0.0,0.0,1,1,2016.0,4
Vikas Kapoor,0.0,0.0,1,1,2016.0,4
Yatin Kumar Jain,8.58,8.58,1,1,2016.0,4
Dr. Sridhar Ramaswamy,2.14,2.14,1,1,2016.0,4
Ram Shriram,0.0,0.0,1,1,2016.0,4
Puru Vashishtha,0.0,0.0,1,1,2016.0,4
Mount Nathan Advisors,10.006666666666666,30.02,3,2,2015.3333333333333,4
Mahavir Pratap Sharma,0.43,1.29,3,3,2015.6666666666667,4
Ajay Data,0.0,0.0,3,2,2016.0,4
Sanjay Phophaliya,0.0,0.0,1,1,2016.0,4
Kamal Kothari,0.0,0.0,2,2,2016.0,4
Naturals Salon Chain,128.66,128.66,1,1,2016.0,4
Vivek Nathani,0.0,0.0,1,1,2016.0,4
H C Jain,0.0,0.0,1,1,2016.0,4
Mitin Patel,0.0,0.0,1,1,2016.0,4
Adil Allana,0.0,0.0,1,1,2016.0,4
Gautam Ivatury,0.0,0.0,1,1,2016.0,4
Signal Point Partners,0.0,0.0,1,1,2016.0,4
Telephone Corporation,0.0,0.0,1,1,2016.0,4
GrowthStory,2.36,4.72,2,2,2015.5,4
Nirupa Shankar,4.72,4.72,1,1,2016.0,4
IDFC SPICE Fund,128.66,128.66,1,1,2016.0,4
Micromax Informatics,25.732,128.66,5,5,2015.2,4
Max Levchin,11.15,11.15,1,1,2016.0,4
Scott Banister,11.15,11.15,1,1,2016.0,4
Blume Ventures & Other unnamed Investors,5.15,5.15,1,1,2016.0,4
Venky Harinarayan,5.145,10.29,2,2,2015.5,4
Fundnel,4.29,4.29,1,1,2016.0,4
S Chand & Co,0.0,0.0,1,1,2016.0,4
Lip-Bu Tan,0.0,0.0,1,1,2016.0,4
Nicolas Braithwaite,0.0,0.0,1,1,2016.0,4
Narayan Ramachandran,5.145,10.29,2,2,2015.5,4
Dino Morea,0.0,0.0,2,2,2016.0,4
Taranjit Jaswal,8.58,8.58,1,1,2016.0,4
Matt Glickman,0.0,0.0,1,1,2016.0,4
Anoop Hingorani,0.0,0.0,1,1,2016.0,4
Daman Soni,0.86,0.86,1,1,2016.0,4
Mohit Gulati,0.0,0.0,1,1,2016.0,4
Ruchirans Jaipuria,4.29,4.29,1,1,2016.0,4
Anuj Sanghi,4.29,4.29,1,1,2016.0,4
Zop Smart,25.73,25.73,1,1,2016.0,4
Sol Primero,3.1166666666666667,9.35,3,3,2015.3333333333333,4
Sudhir Anandarao,4.29,4.29,1,1,2016.0,4
Ankur Warikoo,4.29,4.29,1,1,2016.0,4
Ankur Singla,4.29,4.29,1,1,2016.0,4
Naveen Tewari,7.29,14.58,2,2,2015.5,4
Nirvana Digital India Fund,60.040000000000006,120.08,2,1,2016.0,4
PurpleTalk Inc,8.58,8.58,1,1,2016.0,4
Raj Gala Shah,0.0,0.0,1,1,2016.0,4
Zaheer Memon,0.0,0.0,1,1,2016.0,4
Janak Parikh,0.0,0.0,1,1,2016.0,4
Hari Krishna,1.92,1.92,1,1,2016.0,4
Ajay Modani,1.92,1.92,1,1,2016.0,4
Dr V Ravinder,1.92,1.92,1,1,2016.0,4
Anirudh Rastogi,1.92,1.92,1,1,2016.0,4
Rakesh Gakhar,1.92,1.92,1,1,2016.0,4
Nagendra Prasad Bhanuprakash,1.92,1.92,1,1,2016.0,4
Alex Kuruvilla,2.14,2.14,1,1,2016.0,4
Saket Dhankar,2.14,2.14,1,1,2016.0,4
Gagan Dugal,2.14,2.14,1,1,2016.0,4
Anita Hassanandani,0.93,0.93,1,1,2016.0,4
CASHurDRIVE Marketing Pvt Ltd,17.15,17.15,1,1,2016.0,4
Rishi Mandawat,0.0,0.0,1,1,2016.0,4
Dexter Angel Circle,0.0,0.0,1,1,2016.0,4
Devidas Desai,0.86,0.86,1,1,2016.0,4
Vipul Gautam,0.86,0.86,1,1,2016.0,4
Littlerock,0.0,0.0,1,1,2016.0,4
Anshoo Gaur,2.83,2.83,1,1,2016.0,4
Rama Krishna Reddy,2.83,2.83,1,1,2016.0,4
Broadbean Capital services,4.29,4.29,1,1,2016.0,4
Sanjiv Mittal,1.29,1.29,1,1,2016.0,4
Shobhit Shukla,1.29,1.29,1,1,2016.0,4
Robin Utthappa,0.0,0.0,1,1,2016.0,4
Kishore Kumar,2.57,2.57,1,1,2016.0,4
Shuchin Bajaj,2.57,2.57,1,1,2016.0,4
Jay Vijayan,4.29,4.29,1,1,2016.0,4
Puneet Agarwal,3.43,3.43,1,1,2016.0,4
Ajay Sarupria,0.0,0.0,1,1,2016.0,4
Green House Ventures (GHV),0.86,3.44,4,4,2016.0,4
Nyca Partners and Thomvest Ventures,115.79,115.79,1,1,2016.0,4
Vandana Luthra,0.0,0.0,1,1,2016.0,4
Zia Mody,8.58,8.58,1,1,2016.0,4
Vinod Bansal,0.0,0.0,1,1,2016.0,4
Mahesh Parasuraman,0.0,0.0,1,1,2016.0,4
Rajesh Sawhney,0.715,4.29,6,6,2015.1666666666667,4
Edelweiss Financial Services,0.0,0.0,1,1,2016.0,4
Manipal Global Education Services,12.865,25.73,2,2,2015.5,4
Anil Gelra,0.0,0.0,1,1,2016.0,4
Jaikumar Nair,0.0,0.0,1,1,2016.0,4
Jaideep Mehta,0.0,0.0,1,1,2016.0,4
Sachin Dalal,0.0,0.0,1,1,2016.0,4
Alok Rawat,8.58,8.58,1,1,2016.0,4
Saumya Tandon,0.0,0.0,1,1,2016.0,4
Joby Babu,2.57,2.57,1,1,2016.0,4
Abhishek Acharya,2.57,2.57,1,1,2016.0,4
Powai Lake Ventures,4.11,20.55,5,5,2015.2,4
Virendra Shekhawat,0.0,0.0,1,1,2016.0,4
Deepak Chokhani,0.0,0.0,1,1,2016.0,4
Yogesh Patel & Others,0.0,0.0,1,1,2016.0,4
Dinesh R. Challa,34.31,34.31,1,1,2016.0,4
Rajnish Sinha,0.0,0.0,1,1,2016.0,4
Prijit Debnath,0.0,0.0,1,1,2016.0,4
KWAN Entertainment & Marketing Solutions,3.0,3.0,1,1,2016.0,4
Dr Nandish Domlur,0.0,0.0,1,1,2016.0,4
Farooq Oomerbhoy & Other angel investors,2.57,2.57,1,1,2016.0,4
Qualcomm (Through QPrize Contest),3.0,3.0,1,1,2016.0,4
Abhijit Bhandari,0.0,0.0,1,1,2016.0,4
Rocket Internet AG,94.35,94.35,1,1,2016.0,4
Holtzbrink Ventures,94.35,94.35,1,1,2016.0,4
Deutsche Telekom Strategic Investments (DTSI),94.35,94.35,1,1,2016.0,4
The Phoenix Fund and others,0.0,0.0,1,1,2016.0,4
Yajnanarayana Kammaje,1.37,1.37,1,1,2016.0,4
Tracxn Syndicate,0.0,0.0,2,2,2015.5,4
Mamoru Taniya,85.77,85.77,1,1,2016.0,4
Suresh Venkat,3.43,3.43,1,1,2016.0,4
Calcutta Angels,1.5716666666666663,9.43,6,6,2015.8333333333333,4
Ashish Hemrajani,24.875,49.75,2,2,2015.5,4
Parikshit Dar,49.75,49.75,1,1,2016.0,4
Rajesh Balpande,49.75,49.75,1,1,2016.0,4
Manvinder Singh Banga,0.0,0.0,1,1,2016.0,4
MeritTrac,0.0,0.0,1,1,2016.0,4
Deepinder Goyal,51.46,51.46,1,1,2016.0,4
Samir Bangara,0.43,0.86,2,2,2016.0,4
Lalit Mangal,0.2866666666666667,0.86,3,3,2016.0,4
Saurab Paruthi,0.86,0.86,1,1,2016.0,4
Ankush Saigal,0.0,0.0,1,1,2016.0,4
Praveen Saini,0.0,0.0,1,1,2016.0,4
Lalitesh Katragadda,6.43,6.43,1,1,2016.0,4
Ganayantrika Systems,6.43,6.43,1,1,2016.0,4
Bhanu Vikram Parsotam,1.29,1.29,1,1,2016.0,4
Myntra/LivSpace Founders,0.0,0.0,1,1,2016.0,4
Ctrip.com International Ltd,1543.86,1543.86,1,1,2016.0,4
Arun Chandra Mohan,8.575,17.15,2,2,2015.5,4
Nahata Family,46.32,46.32,1,1,2016.0,4
Waheed Alli,46.32,46.32,1,1,2016.0,4
Mato Peric,0.0,0.0,3,3,2015.3333333333333,4
GIC,172.5666666666667,1553.1,9,9,2016.555555555556,1
Matt Mullenweg,0.0,0.0,1,1,2016.0,4
Adam DAngelo,0.0,0.0,1,1,2016.0,4
Vallabh Bhanshali,19.73,19.73,1,1,2016.0,4
N Squared Management LLC,19.73,19.73,1,1,2016.0,4
Equity Crest,2.14,2.14,1,1,2016.0,4
Vinners,2.14,2.14,1,1,2016.0,4
Sparknext,2.14,2.14,1,1,2016.0,4
Munish Jauhar,0.0,0.0,1,1,2016.0,4
Rohit Narang,0.0,0.0,1,1,2016.0,4
Amod Malviya,0.0,0.0,1,1,2016.0,4
Umang Kumar & Others,0.0,0.0,1,1,2016.0,4
Dhiraj Rajaram,0.0,0.0,1,1,2016.0,4
Ambiga Dhiraj,0.0,0.0,1,1,2016.0,4
Abhinav Mathur,0.0,0.0,1,1,2016.0,4
Sanjay Mehta,3.3666666666666667,20.2,6,6,2015.6666666666667,4
Huzaifa Khorakiwala,0.0,0.0,1,1,2016.0,4
Unilazer Fund,12.01,12.01,1,1,2016.0,4
Sad Business School Seed Fund.,0.34,0.34,1,1,2016.0,4
Farooq Adam,1.585,3.17,2,2,2016.0,4
Rob Chandra,4.29,4.29,1,1,2016.0,4
Taurus Value Creation,61.75,61.75,1,1,2016.0,4
Pranay Adhvaryu,0.0,0.0,1,1,2016.0,4
Ravi Sampat,0.0,0.0,1,1,2016.0,4
CRV,257.31,257.31,1,1,2016.0,4
Neeraj Goenka,3.17,3.17,1,1,2016.0,4
Foxconn Technology Group & Others,0.0,0.0,1,1,2016.0,4
Sanjay Bakshi,0.0,0.0,1,1,2016.0,4
TermSheet,1.59,1.59,1,1,2016.0,4
Vineet Nalla,0.0,0.0,1,1,2016.0,4
Frontline Strategy,24.015,48.03,2,2,2015.0,4
Venkat Vardhan,12.87,12.87,1,1,2015.0,4
Ralph Berezan,12.87,12.87,1,1,2015.0,4
Vissal Mathew,12.87,12.87,1,1,2015.0,4
The Saha Fund,0.0,0.0,1,1,2015.0,4
CIO Angel Network (CAN),0.0,0.0,1,1,2015.0,4
Beerud Sheth and Ravi Mantha,0.0,0.0,1,1,2015.0,4
CerraCap,171.54,171.54,1,1,2015.0,4
Vidyadhar Sarfare,0.0,0.0,1,1,2015.0,4
Shopclues,0.0,0.0,1,1,2015.0,4
Steven Lurie,17.15,17.15,1,1,2015.0,4
Yuri Milner,471.7333333333333,1415.1999999999998,3,3,2016.0,4
CLSA Capital Partners ARIA IV Funds,85.77,85.77,1,1,2015.0,4
Mr. Sudhir & Ms. Shalini Sethi,0.0,0.0,1,1,2015.0,4
Mr. Praveen Someshwar,0.0,0.0,1,1,2015.0,4
Mitesh Majithia,21.44,21.44,1,1,2015.0,4
Uniqorn Ventures and other,600.39,600.39,1,1,2015.0,4
Zoya Akhtar,8.58,8.58,1,1,2015.0,4
Reema Kagati,8.58,8.58,1,1,2015.0,4
Hrishikesh Parandekar,8.58,8.58,1,1,2015.0,4
Allen Blue,14.58,14.58,1,1,2015.0,4
John Katzman,14.58,14.58,1,1,2015.0,4
Kartik Hosanagar,14.58,14.58,1,1,2015.0,4
Blue Fog Capital,14.58,14.58,1,1,2015.0,4
Turning Ideas,0.215,0.43,2,2,2015.0,4
Prahlad Rao,1.72,1.72,1,1,2015.0,4
Sundara Rajan,1.72,1.72,1,1,2015.0,4
Kalpana Tatavarti,0.0,0.0,1,1,2015.0,4
Shivanandan Pare,0.0,0.0,1,1,2015.0,4
Palred Technologies Ltd,25.73,25.73,1,1,2015.0,4
HT Digital Media Holdings Ltd,0.0,0.0,1,1,2015.0,4
Unitus Impact Livelihoods Fund,42.88,42.88,1,1,2015.0,4
Collaborative Licensing Ventures LLP,2.6,2.6,1,1,2015.0,4
Ruchir Arora & others,0.0,0.0,1,1,2015.0,4
Sharad Hegde,8.58,8.58,1,1,2015.0,4
Shrikant Patil,8.58,8.58,1,1,2015.0,4
Sahil Barua,3.4333333333333336,10.3,3,3,2015.0,4
Times Group Brand Capital,0.0,0.0,1,1,2015.0,4
Shinji Kimura,42.88,42.88,1,1,2015.0,4
Sundar Chanrai,42.88,42.88,1,1,2015.0,4
JAFCO Asia,42.88,42.88,1,1,2015.0,4
Anubhav Verma,1.29,1.29,1,1,2015.0,4
Riqueza Capital,3.3,3.3,1,1,2015.0,4
E.ON,142.38,142.38,1,1,2015.0,4
Neeraj Jawalkar,3.43,3.43,1,1,2015.0,4
Sanjay Anandaram,3.43,3.43,1,1,2015.0,4
Ness Wadia,4.2,4.2,1,1,2015.0,4
Saina Nehwal,0.0,0.0,1,1,2015.0,4
Chandralekha Construction Pvt. Ltd.,128.66,128.66,1,1,2015.0,4
Mike Galgon,4.29,4.29,1,1,2015.0,4
Ravi Gururaj,4.29,8.58,2,2,2015.0,4
Jozef Bardik,1.29,1.29,1,1,2015.0,4
Leo Wang Sangeeth Ram,1.29,1.29,1,1,2015.0,4
Logtally,0.0,0.0,1,1,2015.0,4
Gordon and Betty Moore Foundation,5.15,5.15,1,1,2015.0,4
Jitu Virwani,64.33,64.33,1,1,2015.0,4
Rimpal Chawla,1.72,1.72,1,1,2015.0,4
Enablers platform,2.57,2.57,1,1,2015.0,4
Baillie Gifford,4288.5,4288.5,1,1,2015.0,3
Didi Kuaidi,2272.905,4545.81,2,2,2015.0,4
Rishi Khiani,0.0,0.0,1,1,2015.0,4
Palaash Ventures,0.0,0.0,1,1,2015.0,4
Raghu Vohra,0.0,0.0,1,1,2015.0,4
Aditya Dev Sood,0.0,0.0,1,1,2015.0,4
Kamal Bansal,0.0,0.0,1,1,2015.0,4
Karnataka Semiconductor Venture Capital firm,4.29,4.29,1,1,2015.0,4
S.D. Shibulal,0.0,0.0,1,1,2015.0,4
Srinath Batni,0.0,0.0,1,1,2015.0,4
Ganapathy Venugopal.,0.0,0.0,1,1,2015.0,4
Vijay Ghadge,2.62,2.62,1,1,2015.0,4
Bijou Kurien,10.29,10.29,1,1,2015.0,4
Cheetah Mobile,114.93,114.93,1,1,2015.0,4
M & S partners,8.58,8.58,1,1,2015.0,4
Powerhouse Ventures (USA).,8.58,8.58,1,1,2015.0,4
Anil Chopra,0.0,0.0,1,1,2015.0,4
Unigrowth Inc,0.0,0.0,1,1,2015.0,4
FIH Mobile Ltd,0.0,0.0,1,1,2015.0,4
Delhivery,45.0275,180.11,4,3,2015.0,4
Gaurav Dalmia,0.0,0.0,1,1,2015.0,4
Gagan Hasteer,0.0,0.0,1,1,2015.0,4
Kumar Shwetabh,3.0,3.0,1,1,2015.0,4
Michael Carlos,81.48,81.48,1,1,2015.0,4
Satyen Kothari,4.29,4.29,1,1,2015.0,4
Riddhesh Gandhi & Others,4.29,4.29,1,1,2015.0,4
Unnamed Media house and HNIs,51.46,51.46,1,1,2015.0,4
Snapdeal,171.54,171.54,1,1,2015.0,4
Peter Kabel & others,0.0,0.0,1,1,2015.0,4
Sanjeev Kapoor,17.15,17.15,1,1,2015.0,4
Life.SREDA,0.0,0.0,1,1,2015.0,4
Quikr,0.0,0.0,1,1,2015.0,4
Sean OSullivan & Others,1.63,1.63,1,1,2015.0,4
Leon Seynave,0.0,0.0,1,1,2015.0,4
European investment fund,21.44,21.44,1,1,2015.0,4
Roopak Taneja,0.0,0.0,1,1,2015.0,4
Devesh Rai G,0.0,0.0,1,1,2015.0,4
Amitpal Bhutani,0.0,0.0,1,1,2015.0,4
Vijai Laxmi,0.0,0.0,1,1,2015.0,4
eContext Asia,214.42,214.42,1,1,2015.0,4
Vegas Tech Fund,25.3,25.3,1,1,2015.0,4
Alok Bajpai,0.86,0.86,1,1,2015.0,4
Amit Dey,0.86,0.86,1,1,2015.0,4
Atul Jalan,5.49,5.49,1,1,2015.0,4
Shrikanth & Bharath,5.49,5.49,1,1,2015.0,4
ID Enablers Pvt Ltd,2.14,2.14,1,1,2015.0,4
OrbiMed,428.85,428.85,1,1,2015.0,4
PK Gulati & others,3.86,3.86,1,1,2015.0,4
Dheeraj Mehta & Others,1.12,1.12,1,1,2015.0,4
Tania Johny Palathinkal,0.86,0.86,1,1,2015.0,4
Group of HNI investors,8.58,8.58,1,1,2015.0,4
R M Picture Company Pvt. Ltd.,1.29,1.29,1,1,2015.0,4
Ritu Kapur,5.15,5.15,1,1,2015.0,4
Nalin Jain,1.825,3.65,2,2,2015.0,4
Shomil Pant,1.76,1.76,1,1,2015.0,4
Dinesh Kundu & others,1.76,1.76,1,1,2015.0,4
Temasek,881.2,4406.0,5,4,2017.0,1
Ankush Nijhawan,5.575,11.15,2,2,2015.0,4
Subodh Gupta,0.0,0.0,1,1,2015.0,4
NY based Hedge Fund,1929.82,1929.82,1,1,2015.0,4
Anil Matai,8.58,8.58,1,1,2015.0,4
Shyam Sundar R & others,8.58,8.58,1,1,2015.0,4
Payal Syal,2.57,2.57,1,1,2015.0,4
Oliphans Capital,4.1466666666666665,12.44,3,3,2015.0,4
Sangram Singh,3.0,3.0,1,1,2015.0,4
Subrata Mitra,9.86,9.86,1,1,2015.0,4
Larry Braitman,9.86,9.86,1,1,2015.0,4
Multiple investors,0.624,3.12,5,5,2015.8,4
Naman Sarawagi,0.0,0.0,1,1,2015.0,4
Uday Punj,0.0,0.0,1,1,2015.0,4
Prakhar Bumb,0.0,0.0,1,1,2015.0,4
Sunil Edwards,0.0,0.0,1,1,2015.0,4
Swarnim Multiventures,6.86,6.86,1,1,2015.0,4
Sateesh Andara & others,15.01,15.01,1,1,2015.0,4
Smile Multimedia,3.43,3.43,1,1,2015.0,4
Pranay Chulet,0.0,0.0,1,1,2015.0,4
Viktor Koenig PE Fund,8.58,8.58,1,1,2015.0,4
Nikunj Jain,1.03,2.06,2,2,2015.0,4
Punit Goyal,0.0,0.0,1,1,2015.0,4
Chandru Badrinarayanan,5.58,5.58,1,1,2015.0,4
Ramesh Jogani,6.73,6.73,1,1,2015.0,4
Jay Srinivasan,6.73,6.73,1,1,2015.0,4
Viswanath Ramachandran,3.645,7.29,2,2,2015.0,4
RippleWave,4.29,4.29,1,1,2015.0,4
Ravi Jaipuria & others,0.0,0.0,1,1,2015.0,4
CCube Angels,0.0,0.0,1,1,2015.0,4
Intellecap Impact Investment Network,3.685,7.37,2,2,2015.0,4
India Internet Fund,6.0,6.0,1,1,2015.0,4
Inflexionpoint,0.0,0.0,1,1,2015.0,4
Wealth First,4.29,4.29,1,1,2015.0,4
Ashneer Grover,4.29,4.29,1,1,2015.0,4
Atul Phadnis,4.29,4.29,1,1,2015.0,4
Best Foodworks,0.0,0.0,1,1,2015.0,4
Neha Vats,0.69,0.69,1,1,2015.0,4
Vinod Singhal,0.0,0.0,1,1,2015.0,4
Others from LetsVenture,2.14,2.14,1,1,2015.0,4
Reliance Capital Venture,8.58,8.58,1,1,2015.0,4
Deep Kalra,36.45,72.9,2,2,2015.0,4
Gujarat based angel investors,2.1,2.1,1,1,2015.0,4
MMY co-Founder,2.1,2.1,1,1,2015.0,4
Vani Kola,0.0,0.0,1,1,2015.0,4
Existing & New Investors,0.0,0.0,1,1,2015.0,4
Rohit Goel,0.0,0.0,1,1,2015.0,4
Sunil Nikhar,0.0,0.0,1,1,2015.0,4
Siddharth Nautiyal,0.0,0.0,1,1,2015.0,4
Umesh Yadav,0.0,0.0,1,1,2015.0,4
AskMe,171.54,171.54,1,1,2015.0,4
The 1947,2.57,2.57,1,1,2015.0,4
Ajmera Group of Companies,3.43,3.43,1,1,2015.0,4
Prime Capital Markets Ltd,0.0,0.0,1,1,2015.0,4
Draper Fisher Jurvetson,34.31,34.31,1,1,2015.0,4
LetsVenture investors,3.43,3.43,1,1,2015.0,4
Group of Investors,0.0,0.0,3,3,2015.0,4
Equentia Natural Resources,1.37,1.37,1,1,2015.0,4
Li Tao,0.0,0.0,1,1,2015.0,4
Li Jian,0.0,0.0,1,1,2015.0,4
Draphant Consultants,0.0,0.0,1,1,2015.0,4
Fidelity Growth Partners,165.82333333333332,994.94,6,5,2015.1666666666667,4
Gokul Jaykrishna,8.58,8.58,1,1,2015.0,4
Pravin Agarwala & others,0.0,0.0,1,1,2015.0,4
Atulya Mittal,0.0,0.0,1,1,2015.0,4
DMG information Asia Pacific,42.88,42.88,1,1,2015.0,4
Jaydeep Barman,0.0,0.0,1,1,2015.0,4
Liberty Media,857.7,857.7,1,1,2015.0,4
Quilvest,857.7,857.7,1,1,2015.0,4
Big Data Investments B.V,94.35,94.35,1,1,2015.0,4
Amarpreet Sawhney,257.31,257.31,1,1,2015.0,4
Deshpande Foundation,257.31,257.31,1,1,2015.0,4
Fred Khosravi,257.31,257.31,1,1,2015.0,4
Richard S. Braddock,257.31,257.31,1,1,2015.0,4
Mirah Hospitality,4.03,4.03,1,1,2015.0,4
Tamarind Family Private Trust,11.58,23.16,2,1,2015.5,4
Sudhir Rao & Others,6.0,6.0,1,1,2015.0,4
Manish Gandhi,0.86,0.86,1,1,2015.0,4
New India Investment Corporation,41.6,41.6,1,1,2015.0,4
India Value Fund Advisors,257.31,257.31,1,1,2015.0,4
AB Kinnevik,900.585,1801.17,2,1,2015.0,4
Sherpalo Ventures,17.15,17.15,1,1,2015.0,4
Elliot Stechman,1.44,1.44,1,1,2015.0,4
Gautam Sinha,1.44,1.44,1,1,2015.0,4
Ambarish Ray,1.44,1.44,1,1,2015.0,4
B S Nagesh,0.0,0.0,1,1,2015.0,4
Jai Choi,4.29,4.29,1,1,2015.0,4
Kiyohiro Sugashita,4.29,4.29,1,1,2015.0,4
Hirokazu,4.29,4.29,1,1,2015.0,4
Mark Mobius & 9 Other Angel investors,0.0,0.0,1,1,2015.0,4
Gautam Gandhi,0.0,0.0,1,1,2015.0,4
Dr Paresh Doshi,2.14,2.14,1,1,2015.0,4
Morgan Stanley,369.795,739.59,2,2,2016.5,4
Fidelity Biosciences,85.77,85.77,1,1,2015.0,4
Natarajan Iyer,0.0,0.0,1,1,2015.0,4
Bessemer Venture,227.8733333333333,5468.959999999999,24,16,2016.304347826087,1
Capricorn Investment and IFC,343.08,343.08,1,1,2015.0,4
SVP Fly Dubai & Others,0.0,0.0,1,1,2015.0,4
Mahesh Pratapneni,4.29,4.29,1,1,2015.0,4
Pallab Chatterjee & others,4.29,4.29,1,1,2015.0,4
Roopa Nath,0.0,0.0,1,1,2015.0,4
Neoteric Infomatique Limited,25.73,25.73,1,1,2015.0,4
ASK Pravi,42.88,42.88,1,1,2015.0,4
Group of Angel Investors from US/India,1.03,1.03,1,1,2015.0,4
AngelPrime,4.29,8.58,2,2,2015.0,4
Dr David Cheriton,0.0,0.0,1,1,2015.0,4
Mercury Fund,4.29,4.29,1,1,2015.0,4
Anshu Sharma,4.29,4.29,1,1,2015.0,4
Pratyush Prasanna,4.29,4.29,1,1,2015.0,4
Robert Winters & others,4.29,4.29,1,1,2015.0,4
Development finance institution Belgian Investment Company,73.76,73.76,1,1,2015.0,4
Manish Dugar,3.43,3.43,1,1,2015.0,4
Angie Mahtaney,0.0,0.0,1,1,2015.0,4
Blume Ventures and Ujama,0.0,0.0,1,1,2015.0,4
Commonfloor,21.44,21.44,1,1,2015.0,4
Sameer Koticha,12.87,12.87,1,1,2015.0,4
Nipun Dureja,0.86,0.86,1,1,2015.0,4
Satyajit Heeralal,0.86,0.86,1,1,2015.0,4
Keith Rodricks,0.86,0.86,1,1,2015.0,4
Gaurav Lochan,0.86,0.86,1,1,2015.0,4
Azmul Haque,0.86,0.86,1,1,2015.0,4
Nikhil Bagri,0.86,0.86,1,1,2015.0,4
Prototyze,0.0,0.0,1,1,,4
Rajendra Gogri,17.15,17.15,1,1,,4
Chandrakant Gogri,17.15,17.15,1,1,,4
Teru Sato,0.0,0.0,1,1,2015.0,4
Venkatesh Valluri,0.0,0.0,1,1,2015.0,4
Jay Sethuram,2.32,2.32,1,1,2015.0,4
Ravi Trivedi,2.32,2.32,1,1,2015.0,4
Subhash Goyal,4.03,4.03,1,1,2015.0,4
Sunergy Investors,0.0,0.0,1,1,2015.0,4
Anoop Goyal,5.36,5.36,1,1,2015.0,4
VA Sastry,5.36,5.36,1,1,2015.0,4
Sandiep Shrivatsava,4.29,4.29,1,1,2015.0,4
Jan Manten,0.0,0.0,1,1,2015.0,4
Tim Chen,1.54,1.54,1,1,2015.0,4
AECAL,1.03,1.03,1,1,2015.0,4
MeraEvents.,1.03,1.03,1,1,2015.0,4
Sandeep Acharya & others,1.42,1.42,1,1,2015.0,4
Jason Hirschhorn,18.87,18.87,1,1,2015.0,4
Jarett Posner,18.87,18.87,1,1,2015.0,4
Ajit Surana,0.0,0.0,1,1,2015.0,4
Silicon Valley Ventures,85.77,85.77,1,1,2015.0,4
Sarvesh Shahra & Others,17.15,17.15,1,1,2015.0,4
Hyderabad based investor,1.42,1.42,1,1,2015.0,4
Dragoneer Investment,85.77,85.77,1,1,2015.0,4
Intel Capital & Kae Capital,51.46,51.46,1,1,2015.0,4
Pearson Learning Fund,12.87,12.87,1,1,2015.0,4
Vikas Taneja & others,8.58,8.58,1,1,2015.0,4
Deepak Shahdadpuri,0.0,0.0,1,1,2015.0,4
Gulpreet Kohli,0.0,0.0,1,1,2015.0,4
S S Mukherji & Others,3.0,3.0,1,1,2015.0,4
SEEK Ltd & affiliates,85.77,85.77,1,1,2015.0,4
Vinay Goel,0.0,0.0,1,1,2015.0,4
Ashish Dev Kapur,0.0,0.0,1,1,2015.0,4
