startup_name,Avg_Investment,Total_Investment,Num_Deals,Avg_Year,Unique_Investors,Cluster
121Policy,0.0,0.0,1,2016.0,1,2
19th mile,1.54,1.54,1,2018.0,5,0
1Crowd,0.0,0.0,1,2017.0,1,0
1mg,85.7725,343.09,4,2016.75,6,3
1mg (Healthkartplus),51.46,51.46,1,2015.0,4,2
33Coupons,0.17,0.17,1,2015.0,1,2
360Ride,1.29,1.29,1,2016.0,1,2
3Dexter,1.29,1.29,1,2016.0,1,2
3HCare,0.86,0.86,1,2017.0,1,0
3rdFlix,42.88,42.88,1,2019.0,1,0
48East,4.29,4.29,1,2017.0,1,0
4tigo,85.77,85.77,1,2017.0,3,0
5th Vital,4.29,4.29,1,2018.0,1,0
6Degree,0.86,1.72,2,2015.5,2,2
75F,154.39,154.39,1,2019.0,1,0
91SpringBoard,0.0,0.0,2,2016.5,7,3
99Games,0.0,0.0,1,2017.0,1,0
99PerHour,2.57,2.57,1,2017.0,1,0
9Stacks,12.87,12.87,1,2017.0,4,0
A&R Bon Vivants,8.58,8.58,1,2018.0,2,0
AadharAPI,0.0,0.0,1,2017.0,1,0
Aadyah,8.58,8.58,1,2017.0,1,0
aagaar,0.0,0.0,1,2015.0,1,2
Aahaa,8.58,8.58,1,2016.0,2,2
Aahaa Stores,8.58,8.58,1,2017.0,1,0
Aarav UAV,0.0,0.0,1,2016.0,2,2
Aasaanjobs,42.88,42.88,1,2016.0,3,2
Aashiyaan,17.15,17.15,1,2018.0,2,0
Aavishkaar-Intellecap Group,265.89,265.89,1,2018.0,1,0
AbeRuk,0.0,0.0,1,2016.0,1,2
Abhibus,0.0,0.0,1,2015.0,1,2
ABI Health,12.87,12.87,1,2017.0,1,0
Absentia,1.54,1.54,1,2015.0,2,2
Absentia VR,10.72,10.72,1,2017.0,1,0
Ace2three,632.12,632.12,1,2017.0,1,0
Ace Turtle,21.44,42.88,2,2017.0,2,0
Acko,102.92,102.92,1,2018.0,4,0
Actionable Analytics,0.0,0.0,1,2015.0,2,2
Active.ai,15.01,30.02,2,2016.0,2,2
Active AI,70.76,70.76,1,2017.0,1,0
Actofit,6.43,6.43,1,2016.0,1,2
ActOnMagic,1.07,1.07,1,2016.0,1,2
Ad2pro,83.2,83.2,1,2018.0,1,0
Address Health,12.87,12.87,1,2016.0,1,2
AdmitKard,8.58,8.58,1,2019.0,1,0
AdPushUp,0.0,0.0,1,2016.0,3,2
AdStringO,3.0,3.0,1,2015.0,3,2
AdUrCup,0.86,0.86,1,2016.0,1,2
Advanced Structures India,0.0,0.0,1,2016.0,1,2
Advantage Club,3.43,3.43,1,2016.0,1,2
Advenio,0.86,0.86,1,2016.0,1,2
AdWyze,8.58,8.58,1,2015.0,1,2
Adytude,8.58,8.58,1,2016.0,1,2
AEON Learning,27.45,27.45,1,2018.0,1,0
Aequm,8.58,8.58,1,2017.0,1,0
AerMed,0.0,0.0,1,2016.0,1,2
Affimity,10.29,10.29,1,2016.0,1,2
Affordplan,15.01,30.02,2,2016.0,2,2
Agara Labs,21.44,21.44,1,2019.0,1,0
AgentDesks,25.3,25.3,1,2015.0,3,2
Agricxlab,4.29,4.29,1,2018.0,1,0
Agrostar,60.04,120.08,2,2016.0,1,2
Agrowave,0.0,0.0,1,2017.0,1,0
AHA Taxis,0.0,0.0,1,2015.0,1,2
AirCTO,0.0,0.0,1,2017.0,1,0
AirMed Labs,12.01,12.01,1,2017.0,1,0
Airpay,31.48,31.48,1,2017.0,2,0
Airwood,0.0,0.0,1,2016.0,1,2
AirZaar,3.0,3.0,1,2017.0,1,0
Aisle,0.795,1.59,2,2016.5,4,3
Akosha,137.23,137.23,1,2015.0,1,2
AlefnMobitech,42.88,42.88,1,2016.0,1,2
AllIzHealth,3.0,3.0,1,2015.0,1,2
Allygrow Technologies,171.54,171.54,1,2015.0,1,2
AlmaConnect,0.0,0.0,1,2016.0,2,2
AlmaMapper,3.43,3.43,1,2015.0,1,2
Alpha Capital,126.94,126.94,1,2018.0,1,0
Alteria Capital,1200.78,1200.78,1,2019.0,2,0
Alternacare,4.29,4.29,1,2016.0,1,2
Altizone,34.31,34.31,1,2016.0,2,2
Amagi Media Labs,300.2,300.2,1,2016.0,2,2
Ambee,0.0,0.0,1,2017.0,2,0
American Vision,0.69,0.69,1,2016.0,1,2
Amigobulls,0.0,0.0,1,2015.0,4,2
Ampere,0.0,0.0,1,2015.0,1,2
Ampere Vehicles,10.29,10.29,1,2015.0,1,2
Anakage,0.0,0.0,1,2015.0,1,2
Anandakanda,1.29,1.29,1,2016.0,1,2
Anchanto,17.155,34.31,2,2017.5,1,0
Annapurna Finance,197.27,197.27,1,2018.0,1,0
Appario Retail Pvt Ltd.,161.59,161.59,1,2018.0,1,0
AppBrowzer,4.29,4.29,1,2017.0,1,0
AppDaily,17.15,17.15,1,2016.0,5,2
Appie,8.58,8.58,1,2016.0,1,2
AppilyEver,3.43,3.43,1,2016.0,3,2
Appknox,5.79,5.79,1,2016.0,3,2
Applicate,6.65,13.3,2,2015.5,3,2
Applied Solar Technologies,343.08,343.08,1,2015.0,3,2
AppLop,1.5,3.0,2,2015.5,1,2
AppsDaily,32.16,32.16,1,2016.0,5,2
Appvigil,4.29,4.29,1,2015.0,4,2
AppVirality,4.29,4.29,1,2015.0,7,2
Arcatron,0.0,0.0,1,2017.0,1,0
Arcatron Mobility,0.43,0.86,2,2016.0,2,2
Arkin Net,128.66,128.66,1,2015.0,1,2
Ark Robot,3.0,3.0,1,2016.0,1,2
Arth DesignBuild,4.29,4.29,1,2015.0,1,2
Arya.ai,6.43,6.43,1,2015.0,2,2
Asia Institute Of Medical Science,180.12,180.12,1,2018.0,1,0
AskMyGift,0.43,0.43,1,2015.0,1,2
Asocon,0.0,0.0,1,2016.0,1,2
Ather Energy,257.31,771.9300000000001,3,2016.6666666666667,1,0
Athletto,0.0,0.0,1,2016.0,1,2
Atlan,21.44,21.44,1,2019.0,1,0
Atomberg,8.58,8.58,1,2016.0,1,2
Atomberg Technology,85.77,85.77,1,2019.0,1,0
Attune Technologies,85.77,85.77,1,2015.0,2,2
Augrav,3.86,3.86,1,2016.0,1,2
Autobix,0.0,0.0,1,2017.0,1,0
AutoGrid,274.46,274.46,1,2018.0,4,0
Automation Anywhere,2573.1,2573.1,1,2018.0,1,0
Autorox.co,25.73,25.73,1,2017.0,1,0
AutoSense,0.0,0.0,1,2016.0,1,2
Avagmah,0.0,0.0,1,2016.0,2,2
Avail Finance,112.355,224.71,2,2018.5,5,0
Avanti Learning,27.875,55.75,2,2015.5,2,2
Avenue Growth,3.75,3.75,1,2018.0,3,0
Avishkaar Box,6.63,6.63,1,2018.0,1,0
Awaaz De,0.0,0.0,2,2016.5,1,2
Awesummly,1.26,1.26,1,2016.0,2,2
Awfis,171.54,171.54,1,2017.0,1,0
Awign,0.0,0.0,1,2017.0,6,0
Axio,63.47,63.47,1,2018.0,1,0
Axtria,257.31,257.31,1,2015.0,5,2
Aye Finance,76.605,612.84,8,2017.5,6,3
Azah,1.72,1.72,1,2019.0,1,0
Azuro,0.0,0.0,1,2016.0,3,2
B9 Beverages,51.46,51.46,1,2016.0,6,2
Babajobs,85.77,85.77,1,2015.0,1,2
Baby Berry,8.58,8.58,1,2016.0,1,2
BabyChakra,0.0,0.0,2,2015.5,7,3
Babygogo,2.57,2.57,1,2016.0,5,2
BabyonBoard,0.0,0.0,1,2017.0,4,0
Badiyajobs,0.86,0.86,1,2016.0,1,2
BaggOut,0.0,0.0,1,2016.0,4,2
Balance App,2.0,2.0,1,2017.0,1,0
Banihal,0.0,0.0,1,2015.0,1,2
Bank Bazaar,287.33,574.66,2,2016.0,3,2
BankerBay,17.15,17.15,1,2016.0,1,2
Bats on delivery,0.77,0.77,1,2016.0,1,2
Baxi,12.44,12.44,1,2015.0,4,2
BeaconsTalk,0.7749999999999999,1.5499999999999998,2,2015.5,2,2
Beardo,4.29,4.29,1,2016.0,1,2
BeatRoute,0.0,0.0,1,2016.0,1,2
BedBathMore,0.0,0.0,1,2016.0,2,2
Belita,3.43,3.43,1,2015.0,3,2
Belong,85.77,85.77,1,2017.0,1,0
Benepik,0.0,0.0,1,2018.0,3,0
Bestdealfinance,25.73,25.73,1,2015.0,2,2
BetaOut,6.435,12.87,2,2016.5,5,3
BetterButter.in,0.0,0.0,1,2015.0,2,2
Better Mortgage,128.66,128.66,1,2017.0,3,0
Betterplace,4.16,8.32,2,2016.0,1,2
Be U Salons,5.32,5.32,1,2017.0,4,0
Bevy,0.0,0.0,1,2015.0,1,2
Beyond Evolution,0.0,0.0,1,2016.0,2,2
Bharat Bazaar,0.0,0.0,1,2016.0,4,2
BharatPe,643.28,643.28,1,2019.0,1,0
BHIVE,0.0,0.0,1,2016.0,3,2
BHIVE Workspace,9.435,18.87,2,2016.5,1,2
BiBox,4.55,4.55,1,2015.0,1,2
Bidgely,142.38,142.38,1,2015.0,4,2
BigBasket,878.284,4391.42,5,2016.6,4,3
Big Fish Ventures,95.2,95.2,1,2016.0,1,2
BigStylist,9.006666666666666,27.02,3,2016.0,1,2
Bikxie,0.0,0.0,1,2016.0,1,2
Billion Loans,8.58,8.58,1,2017.0,1,0
Bira91,66.9,133.8,2,2019.0,1,0
Biryani Blues,3.16,3.16,1,2016.0,1,2
Biryani By Kilo,5.9,11.8,2,2017.5,5,3
Biteclub,0.0,0.0,1,2015.0,1,2
BitGiving,0.0,0.0,1,2016.0,3,2
Bitla Software,0.0,0.0,1,2018.0,1,0
Biz2Credit,446.0,446.0,1,2019.0,1,0
Bizom,3.28,3.28,1,2017.0,1,0
Bizongo,71.47333333333333,214.42,3,2016.3333333333333,4,3
BlackBuck,383.6483333333333,2301.89,6,2017.3333333333333,13,3
Black Soil,145.81,145.81,1,2018.0,2,0
Black White Orange,2.6,2.6,1,2015.0,1,2
Black White Orange Brands,0.0,0.0,1,2015.0,1,2
Blinge,0.0,0.0,1,2016.0,3,2
BlogBeats,0.0,0.0,1,2016.0,1,2
Blood n Care,0.34,0.34,1,2017.0,1,0
Blowhorn,31.31,31.31,1,2017.0,4,0
Blubox,0.86,0.86,1,2015.0,1,2
Bluebirch,17.15,17.15,1,2015.0,3,2
Blue Box Media,0.0,0.0,1,2016.0,6,2
Bluegape,3.435,6.87,2,2015.0,3,2
BlueStone,257.31,257.31,1,2016.0,4,2
Blue Tokai Coffee,0.0,0.0,1,2016.0,1,2
Board Infinity,2.74,2.74,1,2019.0,1,0
Bobble,0.0,0.0,1,2015.0,1,2
BoiBanit,0.0,0.0,1,2016.0,1,2
Bollant Industries,0.0,0.0,1,2016.0,1,2
Bolo App,3.69,3.69,1,2019.0,1,0
BolRealty,0.0,0.0,1,2015.0,1,2
Bombay Shaving Company,12.44,24.880000000000003,2,2016.5,5,3
Bombay Shirt Company,8.58,8.58,1,2016.0,1,2
Bona Vita,42.88,42.88,1,2015.0,1,2
Bonhomia,8.576666666666666,25.73,3,2015.6666666666667,4,3
Bonphulapl,2.51,2.51,1,2018.0,1,0
BookEventz,0.0,0.0,3,2015.6666666666667,7,3
BookMeIn,3.43,3.43,1,2015.0,1,2
BookMyBai,1.29,1.29,1,2015.0,1,2
Book My Diamond,0.0,0.0,1,2017.0,1,0
Book My Show,780.505,1561.01,2,2017.0,5,3
Book Servicing,0.26,0.26,1,2017.0,1,0
Bottr.me,0.0,0.0,1,2017.0,4,0
Bounty App,0.0,0.0,1,2015.0,2,2
Box8,34.309999999999995,102.93,3,2016.0,2,3
Box My Space,1.285,2.57,2,2016.0,9,3
Boxx.ai,4.29,4.29,1,2017.0,4,0
Brick2Wall,1.72,1.72,1,2017.0,3,0
BRIDGEi2I,0.0,0.0,1,2016.0,1,2
Brigge,0.0,0.0,1,2015.0,1,2
Briston Technomach,1.29,1.29,1,2015.0,1,2
Bro4U,0.0,0.0,1,2015.0,1,2
BroEx,8.58,8.58,1,2015.0,1,2
Broomberg,0.0,0.0,1,2016.0,1,2
Browntape,0.0,0.0,1,2016.0,1,2
BrowserStack,428.85,428.85,1,2018.0,1,0
Bucker,0.0,0.0,1,2016.0,4,2
Buddy,4.29,4.29,1,2016.0,2,2
Buddy4studdy,25.73,25.73,1,2018.0,1,0
Bueno,5.15,5.15,1,2015.0,1,2
Buildkar,0.0,0.0,1,2016.0,2,2
BuildSupply,30.02,30.02,1,2018.0,4,0
BuildTraders,1.72,1.72,1,2016.0,1,2
Buildzar,34.31,34.31,1,2016.0,1,2
Bumper,4.29,4.29,1,2015.0,1,2
Burger Singh,2.145,4.29,2,2017.0,4,0
Buttercups,0.0,0.0,2,2015.5,5,3
Butterfly Interactive,0.0,0.0,1,2015.0,1,2
BuyHatke,8.58,8.58,1,2015.0,2,2
BYG,0.0,0.0,1,2016.0,2,2
BYJU'S,643.277142857143,4502.9400000000005,7,2017.2857142857144,5,3
Cabsguru,1.72,1.72,1,2015.0,1,2
CAKART.in,0.0,0.0,1,2015.0,1,2
Call Health,53.18,53.18,1,2017.0,3,0
Campus Diaries,1.89,1.89,1,2016.0,1,2
CanvasFlip,10.29,10.29,1,2015.0,1,2
Canvera,18.58333333333333,55.75,3,2016.0,1,2
Canvs,0.0,0.0,1,2016.0,1,2
Capabiliti,3.43,3.43,1,2015.0,5,2
Capillary,171.54,171.54,1,2018.0,2,0
Capillary Tech,385.96,385.96,1,2015.0,3,2
Capital Float,111.07,444.28,4,2017.0,4,3
Capita World,0.0,0.0,1,2017.0,4,0
Capricoast,20.37,40.74,2,2015.0,2,2
Capzest,1.72,1.72,1,2016.0,1,2
Caravan Craft,10.29,10.29,1,2015.0,3,2
Carcrew.in,4.29,4.29,1,2016.0,1,2
CarDekho,428.85,1715.4,4,2018.0,3,3
Care24,18.655,37.31,2,2015.5,2,2
Career360,0.0,0.0,1,2016.0,1,2
Career Anna,4.91,4.91,1,2018.0,1,0
Careongo,2.57,2.57,1,2016.0,1,2
Carl's Jr,5.4,5.4,1,2015.0,1,2
CaRPM,0.86,0.86,1,2015.0,1,2
Cars24,260.315,520.63,2,2018.5,2,0
Cartisan,0.0,0.0,1,2015.0,2,2
Cartrade,857.7,1715.4,2,2016.5,3,2
CarveNiche,0.0,0.0,1,2016.0,2,2
Casa2inns,42.88,42.88,1,2015.0,2,2
Cashe,29.590000000000003,59.18000000000001,2,2017.0,3,0
Cashflo,28.3,28.3,1,2019.0,1,0
CashFree,1.03,1.03,1,2017.0,1,0
Cashify,8.02,8.02,1,2018.0,1,0
Cashkaro,15.865,31.73,2,2015.5,1,2
Cashkumar,6.3,6.3,1,2018.0,1,0
Cash Suvidha,8.58,8.58,1,2018.0,2,0
CBREX,1.72,1.72,1,2015.0,3,2
CCAvenue,134.23000000000002,268.46000000000004,2,2016.5,1,2
Celerix,3.43,3.43,1,2016.0,1,2
Celes Care,10.725,21.45,2,2016.5,4,3
Cerebroz,6.3,6.3,1,2017.0,1,0
Chaayos,12.864999999999998,25.73,2,2016.0,1,2
Chai Point,42.885,85.77,2,2016.0,2,2
Chai Thela,1.87,1.87,1,2016.0,1,2
Chakr Innovation,223.0,223.0,1,2019.0,1,0
Changer Mints,1.42,1.42,1,2015.0,1,2
Chargebee,154.39,154.39,1,2018.0,2,0
ChatOnGo,2.57,2.57,1,2016.0,1,2
CheersOye!,4.29,4.29,1,2016.0,1,2
Chefs Basket,51.46,51.46,1,2015.0,2,2
Chevon,0.0,0.0,1,2017.0,1,0
Chikoop,0.0,0.0,1,2016.0,1,2
Chillr,325.925,651.85,2,2015.0,3,2
ChipperSage,0.0,0.0,1,2017.0,1,0
ChqBook,0.0,0.0,1,2017.0,5,0
Chrysalis,0.0,0.0,1,2018.0,1,0
Chumbak,63.04,126.08,2,2017.0,1,0
Chymera VR,0.0,0.0,1,2017.0,3,0
Citrus Payment,214.42,214.42,1,2015.0,4,2
CityFlo,6.43,6.43,1,2015.0,1,2
CityFurnish,0.0,0.0,2,2015.5,1,2
CityShor,0.0,0.0,1,2016.0,1,2
Civilsdaily,0.0,0.0,1,2016.0,1,2
Clapsnslaps,1.29,1.29,1,2015.0,1,2
CleanseCar,4.29,4.29,1,2018.0,1,0
Cleartax,32.805,131.22,4,2015.75,4,3
Cleartrip,0.0,0.0,1,2016.0,2,2
CleverTap,111.5,223.0,2,2018.5,5,0
Click2Clinic,7.29,7.29,1,2017.0,2,0
Clip App,8.58,8.58,1,2017.0,2,0
Clodura,0.0,0.0,1,2017.0,1,0
Cloudacar,0.0,0.0,1,2016.0,2,2
Cloudcherry Analytics,8.58,8.58,1,2015.0,2,2
Cloud Lending,68.62,68.62,1,2015.0,1,2
Cloudrino,0.19,0.19,1,2017.0,1,0
Clovia,38.595,77.19,2,2016.0,2,2
Clumio,1157.9,1157.9,1,2019.0,2,0
Codemojo,0.0,0.0,1,2016.0,1,2
CodingLabs,0.0,0.0,1,2016.0,1,2
CoinTribe,85.77,85.77,1,2018.0,2,0
Co Life,8.58,8.58,1,2016.0,1,2
Collateral Medical,30.02,30.02,1,2017.0,1,0
Collectabillia,64.33,64.33,1,2015.0,1,2
CollegeDekho,14.293333333333331,42.88,3,2016.3333333333333,3,3
CollegeDunia,3.82,3.82,1,2016.0,1,2
CollPoll,2.62,2.62,1,2017.0,1,0
Comarete,1.72,1.72,1,2016.0,1,2
Commeasure,8.58,8.58,1,2015.0,1,2
Commut,1.72,1.72,1,2016.0,1,2
ConfirmTKT,2.14,2.14,1,2016.0,5,2
ConfirmtTkt,0.0,0.0,1,2015.0,1,2
Connaizen,0.0,0.0,2,2017.0,1,0
ConnectAbank,0.0,0.0,1,2015.0,1,2
Connect India,25.73,51.46,2,2015.5,1,2
Consure Medical,0.0,0.0,1,2016.0,3,2
Convegenius,5.145,10.29,2,2015.5,1,2
Cooey,4.03,4.03,1,2015.0,1,2
Cookaroo,0.0,0.0,1,2016.0,1,2
Cookifi,0.0,0.0,1,2016.0,6,2
Coolshare,0.86,0.86,1,2015.0,1,2
Coppre,0.0,0.0,1,2016.0,1,2
Corseco,1.29,1.29,1,2016.0,2,2
CouponRaja,4.29,4.29,1,2015.0,2,2
CoutLoot,0.0,0.0,2,2016.5,6,3
CoveIoT,42.88,42.88,1,2017.0,2,0
Coverfox,100.522,502.61,5,2016.6,4,3
Craftstvilla,154.39,154.39,1,2015.0,4,2
Craftsvilla,156.29,312.58,2,2017.0,5,3
Crayon Data,0.0,0.0,2,2016.0,1,2
Creator's Gurukul,0.0,0.0,1,2017.0,1,0
Credifiable,0.0,0.0,1,2017.0,1,0
CrediHealth,6.435,12.87,2,2016.0,2,2
CreditMantri,43.315,86.63,2,2016.0,3,2
Credit Mate,2.145,4.29,2,2016.5,1,2
CreditSeva,3.09,3.09,1,2016.0,2,2
Credit Sudhaar,0.0,0.0,1,2017.0,2,0
Credit Vidya,25.73,51.46,2,2016.5,1,2
CredR,85.77333333333333,257.32,3,2015.0,1,2
Credright,11.15,11.15,1,2018.0,2,0
Credy,12.01,12.01,1,2018.0,3,0
CREO,25.73,25.73,1,2016.0,4,2
CroFarm,9.795,19.59,2,2016.5,5,3
CRON Systems,0.0,0.0,1,2017.0,1,0
Cropin,8.575,17.15,2,2016.5,1,2
Crossahead,0.0,0.0,1,2016.0,1,2
Crowdera,0.0,0.0,1,2018.0,3,0
Crown-it,47.17,47.17,1,2015.0,2,2
CrownIt,0.0,0.0,2,2016.0,5,3
Cube26,66.04,66.04,1,2015.0,2,2
Cuberoot,4.29,4.29,1,2016.0,1,2
Cuelearn,0.0,0.0,1,2015.0,1,2
CueMath,81.485,162.97,2,2016.5,3,2
Cult,25.73,25.73,1,2016.0,1,2
Cult Fitness,0.0,0.0,1,2016.0,1,2
CultureAlley,55.75,55.75,1,2015.0,1,2
Cupick,1.03,1.03,1,2015.0,1,2
CupoNation,94.35,94.35,1,2016.0,7,3
Curatio,0.0,0.0,1,2017.0,1,0
Cure Fit,297.108,1485.54,5,2017.2,11,3
CureInstant,1.29,1.29,1,2016.0,1,2
CureJoy,23.8,47.6,2,2015.5,4,2
Curie Labs,0.43,0.43,1,2017.0,1,0
Curiositi,6.86,6.86,1,2017.0,2,0
Curofy,1.07,2.14,2,2016.0,1,2
Customer360,0.0,0.0,1,2015.0,1,2
CustomerSucessBox,8.58,8.58,1,2018.0,2,0
Customfurnish,38.6,38.6,1,2015.0,1,2
Cyclops,0.86,0.86,1,2016.0,1,2
CyclopsMedtech,0.0,0.0,1,2016.0,1,2
Cygnus Hospitals,6.43,6.43,1,2017.0,1,0
DAAKI,0.0,0.0,1,2018.0,1,0
Daalchini Technologies,4.29,4.29,1,2019.0,1,0
Daily hunt,134.615,269.23,2,2017.0,6,3
Daily Ninja,8.576666666666666,25.73,3,2016.3333333333333,10,3
DailyObjects,12.01,12.01,1,2016.0,3,2
DailyRounds,0.0,0.0,1,2016.0,4,2
DarwinBox,17.155,34.31,2,2016.5,6,3
Data Resolve,8.58,8.58,1,2017.0,1,0
DataWeave,0.0,0.0,1,2017.0,4,0
DawaiLelo,0.45,0.45,1,2016.0,1,2
DayBox,0.89,0.89,1,2016.0,4,2
Dazo,0.0,0.0,1,2015.0,8,3
Deal 4Loans,0.0,0.0,1,2016.0,3,2
Deal4Loans / Wishfin,128.66,128.66,1,2016.0,1,2
Deal Street Asia,0.0,0.0,1,2015.0,2,2
deGustibus,257.31,257.31,1,2015.0,1,2
Dekkho,10.29,10.29,1,2016.0,1,2
Delhivery,614.6833333333333,1844.05,3,2016.3333333333333,5,3
Delight Foods,5.15,5.15,1,2015.0,3,2
Demyto,0.0,0.0,1,2016.0,1,2
Derbii,0.0,0.0,1,2016.0,1,2
DesignBids,0.0,0.0,1,2016.0,1,2
Design Cafe,0.0,0.0,1,2017.0,4,0
Devourin,0.0,0.0,1,2017.0,1,0
Deyor Camps,4.29,4.29,1,2016.0,5,2
Deyor Rooms,4.29,4.29,1,2015.0,1,2
Dhruva,686.16,686.16,1,2017.0,4,0
Dhruva Space,428.85,428.85,1,2019.0,2,0
Didi,1.29,1.29,1,2015.0,2,2
Digiconectt,1.07,1.07,1,2018.0,1,0
Digilend,2.68,2.68,1,2017.0,2,0
Digio,3.22,3.22,1,2016.0,1,2
Digit,192.98,385.96,2,2017.5,1,0
Digital F5,51.46,51.46,1,2019.0,1,0
Digital Mall Asia,1886.94,1886.94,1,2019.0,1,0
Dil Mil,23.16,23.16,1,2016.0,4,2
Dipper,0.0,0.0,1,2016.0,1,2
Direct Create,0.0,0.0,1,2017.0,1,0
Diro Labs,2.56,5.12,2,2016.0,1,2
DishCo,0.0,0.0,1,2015.0,4,2
dishq,3.43,3.43,1,2018.0,5,0
Disprz,21.44,21.44,1,2018.0,2,0
Djubo,0.0,0.0,1,2015.0,1,2
DocPlexus,6.0,6.0,1,2015.0,2,2
DocsApp,36.02,72.03999999999999,2,2016.5,3,2
DocTalk,42.88,42.88,1,2017.0,2,0
Doctor Insta,10.006666666666666,30.02,3,2015.6666666666667,2,2
DogSpot,0.0,0.0,1,2016.0,1,2
Don't Scratch Your Head,2.14,2.14,1,2016.0,2,2
DoneThing,2.57,2.57,1,2017.0,1,0
DoodhWala,0.0,0.0,1,2017.0,1,0
Doormint,12.865,25.73,2,2015.0,2,2
DoSelect,0.0,0.0,1,2016.0,3,2
Doxper,11.365,22.73,2,2017.5,4,0
Dream11,857.7,857.7,1,2018.0,2,0
Dream Wallets,0.0,0.0,1,2016.0,7,3
Drip capital,128.66,128.66,1,2018.0,3,0
DriversCart,3.86,3.86,1,2016.0,1,2
DriveSkool,0.0,0.0,1,2017.0,1,0
DriveU,11.436666666666667,34.31,3,2017.3333333333333,1,0
Drivezy,85.77,85.77,1,2017.0,3,0
Drivify,0.43,0.43,1,2016.0,2,2
DrivoJoy,5.15,5.15,1,2016.0,2,2
Droom,65.75666666666666,197.27,3,2017.0,5,3
Droom.in,137.23,137.23,1,2015.0,2,2
Dropkaffe,3.645,7.289999999999999,2,2015.5,6,3
Druva,218.715,437.43,2,2016.0,5,3
Duffl,0.0,0.0,1,2016.0,1,2
Dunzo,165.67999999999998,497.04,3,2017.3333333333333,2,3
EarlySalary,47.1325,188.53,4,2016.75,2,3
Earth Food,8.14,8.14,1,2018.0,1,0
Easy Diner,38.6,38.6,1,2017.0,1,0
EasyEcom,1.29,1.29,1,2017.0,4,0
EasyFix,0.0,0.0,1,2015.0,1,2
EasyGov,0.0,0.0,1,2017.0,4,0
EasyKhaana,0.86,0.86,1,2015.0,1,2
EasyPolicy,52.32,104.64,2,2016.0,1,2
EasyRewardz,4.29,4.29,1,2015.0,3,2
EasyRoads,1.72,1.72,1,2016.0,5,2
Eat.Shop.Love,30.02,30.02,1,2015.0,1,2
Eatfresh,0.0,0.0,1,2015.0,1,2
Eatlo,0.0,0.0,1,2015.0,3,2
Eatonomist,0.0,0.0,1,2016.0,1,2
Eattreatonline,3.0,3.0,1,2015.0,1,2
Eazy Coach,0.0,0.0,1,2015.0,1,2
EazyDiner,18.9775,75.91,4,2016.25,3,3
eBikeGo,2.57,2.57,1,2019.0,1,0
Eckovation,0.0,0.0,1,2015.0,1,2
Ecolibriumenergy,22.3,22.3,1,2017.0,2,0
Ecom Express,716.18,1432.36,2,2016.0,1,2
Ecozen,51.46,51.46,1,2019.0,1,0
Edelweiss,2315.79,2315.79,1,2017.0,1,0
EdgeFx,0.0,0.0,1,2017.0,3,0
EdTechReview,0.0,0.0,1,2016.0,1,2
Edu4Share,1.89,1.89,1,2015.0,1,2
EduAce Services,8.58,8.58,1,2016.0,1,2
EduBridge,21.44,21.44,1,2016.0,2,2
EduKart,8.58,8.58,1,2015.0,6,2
EduPristine,85.77,85.77,1,2016.0,2,2
Edureka,17.15,17.15,1,2018.0,1,0
Edurev,0.17,0.34,2,2016.5,1,2
Edyoo,6.3,6.3,1,2018.0,1,0
eKincare,7.85,15.7,2,2017.0,9,3
Elanic,0.0,0.0,2,2016.0,3,2
ElasticRun,17.15,17.15,1,2016.0,2,2
ElastiRun,60.04,60.04,1,2017.0,2,0
ElderAid Wellness,0.0,0.0,1,2017.0,1,0
Elemential,0.0,0.0,1,2018.0,9,3
elong,42.88,42.88,1,2015.0,5,2
Elucidata,14.58,14.58,1,2018.0,1,0
Emflux Motors,0.0,0.0,1,2017.0,6,0
Emiza,38.6,38.6,1,2017.0,3,0
Emojifi,0.0,0.0,1,2017.0,1,0
enCashea,0.0,0.0,1,2016.0,3,2
Endless Robotics,0.86,0.86,1,2016.0,3,2
Engineer.ai,253.02,253.02,1,2018.0,2,0
EngineerBabu,0.0,0.0,1,2016.0,1,2
enKast,17.15,17.15,1,2016.0,1,2
Entropik,9.43,9.43,1,2018.0,4,0
Entropika,1.72,1.72,1,2016.0,2,2
Entropy Innovations,0.0,0.0,1,2015.0,1,2
Envoged,0.0,0.0,2,2015.0,5,3
ePathsala,0.0,0.0,1,2016.0,2,2
EPayLater,17.15,17.15,1,2016.0,1,2
Epiq Capital,1715.4,1715.4,1,2017.0,1,0
ePoise,4.29,4.29,1,2015.0,2,2
EPS,300.2,300.2,1,2016.0,1,2
eQuickies,2.56,2.56,1,2016.0,1,2
ERA,0.33,0.33,1,2017.0,1,0
Eruditus,70.33,70.33,1,2017.0,1,0
eSadar,0.69,0.69,1,2015.0,2,2
eSahai.in,2.14,2.14,1,2017.0,2,0
eshakti,39.31333333333333,117.94,3,2017.0,2,3
eShiksha,0.0,0.0,1,2017.0,1,0
eSwasthya,0.0,0.0,1,2016.0,1,2
etaout,4.29,4.29,1,2015.0,4,2
Ethinos,0.0,0.0,1,2017.0,1,0
Ethosh,0.0,0.0,1,2017.0,1,0
EureQa,5.15,5.15,1,2015.0,2,2
EvenGini,0.0,0.0,1,2016.0,1,2
EveningFlavors,4.29,4.29,1,2015.0,1,2
Events High,0.0,0.0,2,2017.0,1,0
evibe.in,0.0,0.0,1,2016.0,5,2
Explara,4.2,4.2,1,2015.0,3,2
Explore Life traveling,4.29,4.29,1,2017.0,4,0
ExtraaEdge,0.0,0.0,1,2016.0,2,2
ExtraCarbon,1.93,1.93,1,2016.0,1,2
Eywa Media,8.58,8.58,1,2015.0,3,2
EzCred,8.58,8.58,1,2017.0,3,0
Ezetap,175.825,351.65,2,2016.0,7,3
Ezyhaul,137.23,137.23,1,2019.0,1,0
EzySolare,0.0,0.0,1,2015.0,1,2
Ezytruk,1.26,1.26,1,2017.0,2,0
Faasos,155.675,311.35,2,2016.0,7,3
FabAlley,17.15,17.15,1,2016.0,5,2
Fab Hotels,141.51999999999998,283.04,2,2016.5,2,2
FableStreet,0.0,0.0,1,2017.0,3,0
Fabogo,19.3,19.3,1,2017.0,1,0
Fabulyst,1.84,1.84,1,2017.0,1,0
FabX,0.58,0.58,1,2017.0,1,0
Faircent,3.7525,15.01,4,2015.5,4,3
FalconBrick,0.0,0.0,1,2017.0,3,0
FarEye,30.02,30.02,1,2016.0,1,2
FarMart,0.0,0.0,1,2017.0,1,0
Farmizen,0.0,0.0,1,2017.0,5,0
FarmLink,25.73,25.73,1,2017.0,2,0
Farm Taaza,68.62,68.62,1,2017.0,2,0
Fashalot,0.0,0.0,2,2016.5,5,3
Fashionablyin,0.0,0.0,1,2016.0,1,2
Fashionove,0.0,0.0,1,2015.0,1,2
Fashor,15.44,15.44,1,2020.0,1,0
FastFox,39.45,39.45,1,2017.0,5,0
Fastudent,0.0,0.0,2,2015.5,4,2
FeetApart,0.0,0.0,1,2016.0,1,2
Fieldassist,0.0,0.0,1,2017.0,1,0
Finance Buddha,0.0,0.0,1,2016.0,1,2
Fincash,1.075,2.15,2,2017.5,3,0
FindmeaShoe,0.0,0.0,1,2016.0,1,2
Find My Stay,0.0,0.0,1,2016.0,2,2
Findow,0.0,0.0,1,2016.0,1,2
FindUrClass,0.0,0.0,1,2016.0,3,2
Findyahan,0.0,0.0,2,2015.0,1,2
Fingerlix,32.336666666666666,97.01,3,2017.3333333333333,2,0
Finomena,0.0,0.0,1,2016.0,1,2
Finova Capital,51.46,51.46,1,2018.0,1,0
Fintellix,128.66,128.66,1,2015.0,2,2
Fintobox,60.04,60.04,1,2017.0,1,0
FirstCry,42.885,85.77,2,2015.5,6,3
First Eat,0.86,0.86,1,2016.0,1,2
First Moms Club,0.0,0.0,1,2016.0,1,2
FirstTouch,0.0,0.0,1,2015.0,6,2
Fisdom,13.15,39.45,3,2016.3333333333333,3,3
Fitcircle,0.0,0.0,1,2015.0,1,2
Fitmein,0.43,0.86,2,2015.5,2,2
Fitnapp,0.0,0.0,1,2017.0,1,0
Fitpass,8.58,17.16,2,2016.5,2,2
FiTraQ,0.0,0.0,1,2017.0,3,0
Fitso,1.72,3.44,2,2016.5,6,3
Fitternity,8.576666666666666,25.73,3,2016.3333333333333,7,3
Five Star Group,857.7,857.7,1,2018.0,3,0
FixNix,4.29,4.29,1,2016.0,1,2
Fixy,0.0,0.0,1,2015.0,1,2
Flashdoor,0.0,0.0,1,2015.0,3,2
Flatchat,21.44,21.44,1,2015.0,1,2
FlatFurnish,0.0,0.0,1,2016.0,1,2
Flatpebble,5.15,5.15,1,2015.0,1,2
FleetRover,1.54,1.54,1,2015.0,2,2
FleetX,0.0,0.0,1,2019.0,1,0
Flexiloans,128.66,128.66,1,2016.0,4,2
Flexing It,4.29,4.29,1,2015.0,1,2
FlickBay,7.63,7.63,1,2016.0,1,2
Flickstree,3.98,3.98,1,2017.0,4,0
FlipClass,8.58,8.58,1,2016.0,2,2
Flipkart,6803.991666666666,40823.95,6,2016.3333333333333,4,3
Flixy Games,3.65,3.65,1,2016.0,1,2
Flocareer,1.29,1.29,1,2016.0,2,2
Flochat,0.0,0.0,1,2017.0,2,0
Flutura,64.33,64.33,1,2017.0,2,0
Flyrobe,30.02,60.04,2,2016.0,9,3
Flytxt,94.35,188.7,2,2016.0,2,2
Focus Digit,0.0,0.0,1,2015.0,1,2
FoodAbhi,0.0,0.0,1,2015.0,1,2
Foodmemories,0.0,0.0,1,2018.0,4,0
Foodpanda,857.7,857.7,1,2015.0,2,2
FoodTalkIndia,4.29,4.29,1,2015.0,1,2
ForeverShop,2.57,2.57,1,2017.0,1,0
Formcept,0.0,0.0,1,2017.0,1,0
Fourseven,3.9,3.9,1,2015.0,1,2
Fourth Ambit,5.15,5.15,1,2017.0,1,0
Fourth Partner Energy,17.15,17.15,1,2015.0,2,2
Foyr,32.59,32.59,1,2017.0,1,0
FPL Technologies,38.6,38.6,1,2019.0,2,0
FR8,10.6,21.2,2,2016.5,1,2
Fracktal Works,12.865,25.73,2,2016.0,1,2
Fractal Analytics,857.7,857.7,1,2016.0,1,2
Frapperz,0.86,0.86,1,2017.0,1,0
FreeCharge,488.89,488.89,1,2017.0,1,0
Freedom Smart Labs,1.24,1.24,1,2016.0,1,2
FreshBoxx,0.0,0.0,2,2016.5,1,2
FreshDesk,450.295,900.59,2,2015.5,3,2
Freshee,0.0,0.0,1,2016.0,1,2
Fresh Food Concepts,17.15,17.15,1,2016.0,2,2
FreshMenu,143.66500000000002,287.33000000000004,2,2016.0,3,2
FreshVnF,1200.78,1200.78,1,2019.0,1,0
Freshworks,1286.55,1286.55,1,2019.0,3,0
Front Desk AI,9.43,9.43,1,2018.0,1,0
FroyoFit,0.0,0.0,1,2016.0,1,2
Frsh,8.58,8.58,1,2015.0,3,2
Ftcash,0.645,1.29,2,2016.5,2,2
Fulfil.IO,0.0,0.0,1,2016.0,1,2
Funcart,0.6,0.6,1,2016.0,1,2
Funcastic,0.0,0.0,1,2016.0,2,2
Fundamentor,0.0,0.0,1,2016.0,1,2
FundsIndia,94.35,94.35,1,2015.0,3,2
FunOnGo,0.0,0.0,1,2016.0,1,2
Furdo,3.43,3.43,1,2015.0,1,2
Furlenco,103.49333333333334,310.48,3,2016.3333333333333,2,3
Fusion Microfinance,73.76,73.76,1,2015.0,2,2
FXMartIndia,0.0,0.0,1,2015.0,1,2
Fyle,3.43,3.43,1,2017.0,1,0
Fyle Technologies,9.43,9.43,1,2018.0,1,0
Fynd,7.289999999999999,29.16,4,2017.25,10,3
FYNE,0.0,0.0,1,2015.0,1,2
FYRE,4.29,4.29,1,2017.0,1,0
Gaana,493.18,986.36,2,2016.5,2,2
Gadgets 360,0.0,0.0,1,2015.0,1,2
Gadgetwood,26.59,53.18,2,2015.5,4,2
Gajty,0.0,0.0,1,2016.0,1,2
Galleri5,0.0,0.0,1,2016.0,3,2
Gameezop,0.0,0.0,1,2016.0,1,2
GameXS.in,0.0,0.0,1,2015.0,1,2
GameZop,3.0,3.0,1,2016.0,2,2
Gaming Monk,0.0,0.0,1,2017.0,1,0
Gamooz,0.19,0.19,1,2016.0,1,2
Gapoon,1.84,3.68,2,2016.5,4,3
Garage On Road,0.0,0.0,1,2017.0,1,0
gear6,4.29,4.29,1,2016.0,1,2
Genextstudents,1.79,1.79,1,2016.0,1,2
Genie,2.14,2.14,1,2017.0,1,0
Genius Corner,2.38,2.38,1,2018.0,1,0
GenNext Students,4.97,4.97,1,2017.0,1,0
GetFocus,0.0,0.0,1,2015.0,1,2
Get My Parking,12.793333333333337,38.38,3,2016.6666666666667,5,3
GetMyPeon,2.14,2.14,1,2015.0,1,2
getNow,0.0,0.0,1,2015.0,1,2
Get Simpl,0.0,0.0,1,2017.0,7,3
GetVee,0.0,0.0,1,2016.0,2,2
GIBBS,0.0,0.0,1,2015.0,1,2
GIBSS,0.0,0.0,1,2015.0,2,2
Giftxoxo,3.86,3.86,1,2016.0,1,2
GigIndia,0.0,0.0,1,2018.0,3,0
Gingercrush,5.72,17.16,3,2015.3333333333333,8,3
Girnar Software,0.0,0.0,1,2016.0,1,2
Glamrs,8.58,8.58,1,2015.0,4,2
Glam Studios,1.285,2.57,2,2016.0,4,2
Glassic,0.0,0.0,1,2018.0,3,0
GlowRoad,57.895,115.79,2,2018.0,3,0
Glowship,0.0,0.0,1,2015.0,1,2
Goalwise,8.58,8.58,1,2016.0,1,2
Gobolt,0.0,0.0,1,2016.0,1,2
GoBumpr,2.57,2.57,1,2017.0,2,0
GoChoppers,0.0,0.0,1,2017.0,2,0
GoComet,0.0,0.0,1,2016.0,8,3
GoDesi,1.19,1.19,1,2018.0,1,0
Godof Hospitals,17.15,17.15,1,2015.0,1,2
GoFro,85.77,85.77,1,2017.0,2,0
GoFynd,0.0,0.0,1,2017.0,3,0
GoGo Truck,0.64,0.64,1,2016.0,1,2
GoJavas,171.54,171.54,1,2015.0,1,2
GoldFarm,17.15,17.15,1,2017.0,1,0
GolfLAN,8.58,8.58,1,2016.0,2,2
Gomalon,0.86,0.86,1,2016.0,1,2
GoMechanic,2.14,2.14,1,2016.0,1,2
Goodbox,10.58,31.74,3,2015.6666666666667,2,2
Goodera,47.17,47.17,1,2017.0,2,0
Good Methods Global,0.0,0.0,1,2017.0,1,0
Goodservice,13.72,13.72,1,2015.0,1,2
Goomo,428.85,428.85,1,2017.0,1,0
GoPigeon,12.87,12.87,1,2016.0,1,2
GOQii,794.9159999999999,3974.58,5,2016.2,2,3
goSporto,0.26,0.26,1,2016.0,1,2
GoYaNo,0.43,0.43,1,2016.0,1,2
GoZefo,9.01,9.01,1,2016.0,2,2
Gozoomo,42.88,42.88,1,2015.0,1,2
Grab,4.29,8.58,2,2015.0,2,2
Grab.in,17.15,17.15,1,2016.0,1,2
Grabhouse,85.77,85.77,1,2015.0,1,2
GrabOnRent,0.0,0.0,1,2016.0,1,2
Gradopedia,0.0,0.0,1,2016.0,1,2
GramCover,8.58,8.58,1,2016.0,1,2
Gramophone,8.58,8.58,1,2018.0,1,0
GrandOpinion,1.29,1.29,1,2015.0,1,2
Gray Routes,0.0,0.0,1,2016.0,2,2
Greenlight Planet,514.62,514.62,1,2017.0,3,0
Grex,5.58,5.58,1,2015.0,2,2
GreyAtom,8.58,8.58,1,2018.0,1,0
Grey Campus,8.58,8.58,1,2016.0,1,2
Grey Orange,257.31,257.31,1,2015.0,1,2
GreytHR,44.6,44.6,1,2016.0,2,2
Gridle,0.86,0.86,1,2015.0,1,2
Grofers,615.4,2461.6,4,2016.75,5,3
Grover Zampa,70.33,70.33,1,2018.0,1,0
Grow Fit,38.6,38.6,1,2017.0,3,0
GrowFitter,5.15,5.15,1,2017.0,1,0
Groww,9.43,9.43,1,2018.0,2,0
Guarented,4.29,4.29,1,2016.0,1,2
Guiddoo,3.43,6.86,2,2016.5,2,2
Guidoo,2.57,2.57,1,2017.0,6,0
GuruG Learning,0.0,0.0,1,2015.0,1,2
Gurukul,0.0,0.0,1,2017.0,5,0
Gyaanzone,0.39,0.39,1,2016.0,1,2
GyanDhan,0.0,0.0,2,2016.5,2,2
Gympik,0.0,0.0,2,2016.5,1,2
GymTrekker,0.0,0.0,1,2015.0,3,2
HackerEarth,38.6,38.6,1,2017.0,6,0
HackerRank,64.33,64.33,1,2015.0,1,2
HalaPlay,0.0,0.0,1,2017.0,2,0
HandyHome,5.4,5.4,1,,2,2
HandyTrain,8.58,17.16,2,2016.5,3,2
Hansa Customer Equity,42.88,42.88,1,2015.0,1,2
Hansel.io,5.79,11.58,2,2016.5,4,3
Hansel io,34.31,34.31,1,2018.0,1,0
happay,3.215,6.43,2,2016.5,1,2
Happily Unmarried,3.175,6.35,2,2016.5,1,2
Happitoo,0.66,0.66,1,2015.0,1,2
Happy2Refer,2.14,2.14,1,2016.0,3,2
Happydemic,0.0,0.0,1,2016.0,1,2
Happy EMI,8.58,8.58,1,2018.0,1,0
HappyGoEasy,0.0,0.0,1,2018.0,2,0
Haptik,0.0,0.0,1,2016.0,1,2
Haqdarshak,1.64,1.64,1,2017.0,3,0
HashTaag,8.58,8.58,1,2016.0,1,2
Hasura,0.0,0.0,1,2017.0,2,0
HeadOut,15.44,15.44,1,2015.0,3,2
Heads Up For Tails,12.864999999999998,25.73,2,2016.5,1,2
Healers At Home,0.0,0.0,1,2015.0,3,2
HEAL Institute,0.0,0.0,1,2016.0,2,2
HealthAssure,21.44,21.44,1,2019.0,1,0
Healthbuds,0.0,0.0,1,2017.0,2,0
HealthCare,8.58,8.58,1,2018.0,1,0
Healthcare at Home,343.08,343.08,1,2017.0,1,0
HealthEminds,0.0,0.0,1,2016.0,1,2
HealthEnablr,6.86,6.86,1,2016.0,1,2
HealthFin,0.0,0.0,1,2018.0,2,0
Healthi,26.59,26.59,1,2018.0,1,0
Healthians,46.314,231.57,5,2017.2,8,3
HealthifyMe,35.73666666666667,214.42,6,2016.3333333333333,9,3
HealthIntel,0.0,0.0,1,2017.0,1,0
HealthKart,102.92,102.92,1,2016.0,3,2
HealthKumbh,0.63,0.63,1,2016.0,1,2
HealthMir,0.0,0.0,1,2017.0,1,0
Healthsignz,42.88,42.88,1,2018.0,1,0
HealthSutra,0.0,0.0,1,2017.0,2,0
Heckyl,23.16,23.16,1,2017.0,2,0
Hello Curry,12.87,12.87,1,2016.0,1,2
Hello Tax,2.53,2.53,1,2016.0,1,2
HelpChat,0.0,0.0,1,2016.0,2,2
Helpi,0.0,0.0,1,2016.0,1,2
HelpShift,197.27,197.27,1,2016.0,2,2
Heterogenous,6.69,6.69,1,2017.0,2,0
Hevo Data,8.58,8.58,1,2017.0,1,0
HeyBiz,0.0,0.0,1,2015.0,1,2
HeyPillow,25.73,25.73,1,2015.0,1,2
HighRadius,214.425,428.85,2,2017.5,2,0
Highway Delite,0.0,0.0,1,2016.0,1,2
HiJinny,0.0,0.0,1,2015.0,1,2
Hike,1500.98,1500.98,1,2016.0,5,2
Hike Messenger,0.0,0.0,1,2016.0,4,2
HipBar,34.31,34.31,1,2018.0,1,0
Hipcask,0.0,0.0,1,2016.0,1,2
HipCouch,6.0,6.0,1,2017.0,1,0
Hippily,2.14,2.14,1,2016.0,2,2
Hipship,0.0,0.0,1,2015.0,2,2
HitGrit,0.0,0.0,1,2016.0,2,2
Hitwicket,2.14,2.14,1,2015.0,1,2
holachef,14.344,71.72,5,2016.2,4,3
HolidayIQ,128.66,128.66,1,2015.0,1,2
Holidify,0.86,0.86,1,2015.0,1,2
Holisol Logistics,85.77,85.77,1,2015.0,1,2
HomeCapital,0.0,0.0,1,2017.0,1,0
HomeLane,181.4033333333333,544.21,3,2016.6666666666667,3,3
Homergize,8.58,8.58,1,2017.0,1,0
Homers.in,0.0,0.0,1,2015.0,3,2
HomeStudio,42.88,42.88,1,2015.0,1,2
Hoopy,4.29,4.29,1,2017.0,1,0
Hopping Chef,4.03,4.03,1,2015.0,1,2
Hoppingo,0.76,0.76,1,2016.0,1,2
Hopscotch,111.5,111.5,1,2016.0,1,2
Horntell,1.29,1.29,1,2016.0,4,2
Hotelogix,42.88,42.88,1,2018.0,2,0
Hotify,1.29,1.29,1,2015.0,1,2
Housejoy,113.645,227.29,2,2015.0,5,3
House of Msasaba,8.58,8.58,1,2019.0,1,0
Housing,57.18,171.54,3,2016.0,1,2
Houssup,0.0,0.0,1,2016.0,2,2
Howdy Ventures,12.87,12.87,1,2017.0,1,0
Hubilo,0.0,0.0,1,2016.0,8,3
Hugefly,0.0,0.0,1,2015.0,1,2
HUG Innovations,42.88,42.88,1,2017.0,4,0
Hungama,214.42,214.42,1,2016.0,1,2
HungerBox,38.98,77.96000000000001,2,2018.5,1,0
Hungry Foal,0.0,0.0,2,2017.0,1,0
HWell24,1.72,1.72,1,2018.0,5,0
HWell24 Plus,0.0,0.0,1,2017.0,1,0
Hypernova Interactive,0.0,0.0,1,2017.0,1,0
HyperTrack,0.0,0.0,1,2017.0,2,0
HyperVerge,8.58,8.58,1,2015.0,3,2
i-lend,0.0,0.0,1,2017.0,1,0
i2e1,4.29,4.29,1,2015.0,1,2
i2i Funding,4.58,9.16,2,2017.0,1,0
i3sysytems,8.58,8.58,1,2018.0,2,0
iamwire,0.0,0.0,1,2015.0,6,2
iAugmentor Labs,1.28,1.28,1,2016.0,1,2
IBSFintech,0.0,0.0,1,2017.0,1,0
iBus Networks,19.73,19.73,1,2016.0,3,2
icanstay,9.865,19.73,2,2017.5,1,0
Icertis,205.8475,823.39,4,2016.5,8,3
iChef.in,0.0,0.0,1,2015.0,1,2
ICHR,3.86,3.86,1,2016.0,1,2
iCliniq,0.0,0.0,1,2016.0,1,2
iCrushiFlush,0.0,0.0,1,2015.0,1,2
iCustomadeit,2.14,2.14,1,2015.0,2,2
icustommadeit,18.225,36.45,2,2015.5,3,2
Idea Bubbles,6.0,6.0,1,2016.0,3,2
IdeaChakki,0.0,0.0,1,2016.0,1,2
IdeaForge,85.77,85.77,1,2016.0,2,2
Ideal Insurance,0.0,0.0,1,2017.0,1,0
IDfy,0.0,0.0,1,2015.0,2,2
IDG Ventures,85.77,85.77,1,2017.0,1,0
iDreamCareer,0.0,0.0,2,2015.5,3,2
IFMR Holdings,214.42,214.42,1,2015.0,3,2
iGenetics,167.25,167.25,1,2017.0,1,0
Ignis Careers,2.14,2.14,1,2015.0,1,2
IGP,0.0,0.0,1,2017.0,1,0
iGrenEnergi,8.58,8.58,1,2016.0,1,2
IIM Jobs,17.15,17.15,1,2016.0,1,2
ImageProVision,0.0,0.0,1,2016.0,1,2
Imaginate,4.29,4.29,1,2017.0,1,0
iManageMyHotel,0.0,0.0,1,2017.0,1,0
Imarticus Learning,8.58,8.58,1,2016.0,5,2
IMAX Program,115.79,115.79,1,2018.0,2,0
IMbesharam,34.31,34.31,1,2016.0,1,2
imedilane,0.34,0.34,1,2016.0,2,2
iMMi Life,0.0,0.0,1,2015.0,1,2
Impact Analytics,6.43,6.43,1,2016.0,3,2
ImpactGuru,2.145,4.29,2,2016.0,2,2
Inayo,2.57,2.57,1,2015.0,3,2
Inc42,0.0,0.0,1,2016.0,2,2
Inclov,0.0,0.0,2,2016.5,5,3
InCred Finance,360.23,360.23,1,2018.0,2,0
Increff,21.44,42.88,2,2018.0,6,3
Indee,4.29,4.29,1,2016.0,1,2
India Gifts Portal,17.15,17.15,1,2016.0,2,2
India Lends,14.296666666666669,42.89,3,2015.3333333333333,6,3
Indiamart,0.0,0.0,1,2016.0,1,2
IndianRoots,42.88,42.88,1,2015.0,1,2
Indiez,4.29,4.29,1,2017.0,1,0
Indifi,42.885,85.77,2,2015.5,8,3
IndigoLearn,1.29,1.29,1,2018.0,4,0
Indofash,1.29,1.29,1,2016.0,2,2
Indus OS,31.6275,126.51,4,2017.25,3,3
IndustryBuying,31.45,94.35,3,2015.3333333333333,7,3
INDwealth,128.66,128.66,1,2019.0,1,0
infeedo,1.72,1.72,1,2016.0,8,3
Infibeam,64.455,128.91,2,2017.5,2,0
Infinite Analytics,0.0,0.0,1,2015.0,2,2
Infisecure,5.15,5.15,1,2016.0,2,2
Infogain,540.35,540.35,1,2015.0,1,2
Infoworks,42.88,42.88,1,2015.0,2,2
Infurnia,1.37,1.37,1,2016.0,1,2
iNICU,0.0,0.0,1,2018.0,1,0
Ink Monk,4.285,8.57,2,2016.0,6,3
Inmobi,857.7,857.7,1,2015.0,1,2
inMotion,0.0,0.0,1,2016.0,6,2
Innefu Security Consulting,17.15,17.15,1,2017.0,1,0
InnerChef,18.225,36.45,2,2015.5,6,3
Inner Hour,3.86,3.86,1,2017.0,2,0
InnoNano Research,154.39,154.39,1,2016.0,1,2
Innoplexus,0.0,0.0,1,2016.0,1,2
Innov8,11.436666666666667,34.31,3,2017.0,10,3
Innovaccer,66.9,133.8,2,2015.5,4,2
Innovapptive,12.87,12.87,1,2017.0,1,0
Innoviti,100.135,200.27,2,2016.0,4,2
Inshorts,42.88,42.88,1,2017.0,1,0
Insider.in,44.6,44.6,1,2017.0,1,0
Instacar,8.58,8.58,1,2016.0,1,2
InstaLively,0.515,1.03,2,2015.0,9,3
InstantPay,0.0,0.0,1,2016.0,2,2
InstaOffice,0.0,0.0,1,2017.0,3,0
Instaproc,0.0,0.0,1,2016.0,1,2
InstaSafe,9.435,18.87,2,2016.0,1,2
Instavans,0.0,0.0,1,2015.0,1,2
Intelligence Node,21.44,42.88,2,2016.0,2,2
Intelligent Interfaces,0.0,0.0,2,2015.0,2,2
Interviewpad,0.86,0.86,1,2016.0,1,2
Intgrea,0.86,0.86,1,2016.0,1,2
Inthree,34.31,34.31,1,2018.0,2,0
intouchapp,0.0,0.0,1,2016.0,1,2
Intuit Things,0.91,0.91,1,2017.0,1,0
iNurture,25.305,50.61,2,2017.5,1,0
Inuxu,25.73,25.73,1,2016.0,1,2
Invictus Oncology,0.0,0.0,1,2016.0,1,2
ION Energy,0.0,0.0,1,2017.0,3,0
iOrderFresh,0.0,0.0,2,2016.0,1,2
IOTrek,1.33,1.33,1,2017.0,1,0
iqlect,12.863333333333337,38.59,3,2016.3333333333333,3,3
iServe Financial,0.0,0.0,1,2016.0,1,2
iService,3.77,3.77,1,2017.0,3,0
ISFC,51.46,51.46,1,2016.0,1,2
iSTAR,0.0,0.0,1,2015.0,1,2
iStar Skill Development,12.87,12.87,1,2015.0,2,2
iStyleYou,0.86,0.86,1,2016.0,1,2
Ithaka,2.79,2.79,1,2017.0,2,0
Ixigo,64.33,128.66,2,2016.0,2,2
iZofy,0.0,0.0,1,2015.0,1,2
Jaypore,42.88,42.88,1,2016.0,1,2
Jay Robotix,2.14,2.14,1,2015.0,1,2
Jazzmyride,0.0,0.0,1,2016.0,1,2
JetSetGo,0.0,0.0,2,2015.0,1,2
Jhakaas,0.665,1.33,2,2017.0,3,0
Jiffstore,0.0,0.0,1,2015.0,2,2
Jigsaw Academy,25.73,25.73,1,2015.0,1,2
Jivox,51.46,51.46,1,2016.0,3,2
Jiyo Natural,0.0,0.0,1,2015.0,1,2
Jobick,0.0,0.0,1,2016.0,1,2
Jobspire,2.23,2.23,1,2015.0,1,2
JoeHukum,0.0,0.0,2,2015.5,3,2
Johari Shop,0.81,0.81,1,2017.0,1,0
JollyFoodFellow,1.285,2.57,2,2015.5,1,2
Jombay,0.0,0.0,1,2015.0,1,2
Joolz,4.29,4.29,1,2016.0,2,2
Josh Talks,0.0,0.0,1,2017.0,3,0
JoulestoWatts,0.0,0.0,1,2016.0,1,2
Joy by nature,8.58,8.58,1,2015.0,3,2
Juggernaut,19.3,19.3,1,2015.0,3,2
Jugnoo,44.6,223.0,5,2015.4,3,3
Julia Computing,22.3,44.6,2,2016.0,2,2
JumboBasket,0.0,0.0,1,2015.0,1,2
Jumbotail,72.9,72.9,1,2017.0,2,0
Juno Clinic,10.29,10.29,1,2017.0,1,0
Juspay,49.75,49.75,1,2016.0,4,2
Jusride,0.0,0.0,1,2015.0,6,2
Justbooks,0.0,0.0,1,2016.0,1,2
Just Buy Live,171.54,171.54,1,2016.0,1,2
Justdakhila,6.43,6.43,1,2016.0,1,2
JustDoc,0.0,0.0,1,2016.0,5,2
JustLikeNew,4.29,4.29,1,2016.0,1,2
JustRide,14.58,29.16,2,2016.0,7,3
Kaaryah,0.0,0.0,2,2015.0,2,2
KabadiExpress,1.27,1.27,1,2016.0,1,2
Kabadiwala,3.69,3.69,1,2019.0,5,0
Kalaage,0.0,0.0,1,2016.0,1,2
Kaleidofin,24.02,24.02,1,2018.0,1,0
Kalpnik Technologies,4.29,4.29,1,2017.0,1,0
Kanhaiya,1.72,1.72,1,2017.0,1,0
KarmaCircles,0.0,0.0,1,2016.0,6,2
Karma Healthcare,2.145,4.29,2,2016.5,2,2
Karma Recycling,0.0,0.0,1,2015.0,2,2
Karomi,4.29,4.29,1,2017.0,1,0
Kartrocket,60.040000000000006,120.08,2,2016.0,7,3
Kashmir Box,0.0,0.0,1,2018.0,5,0
Ketchupp,3.78,3.78,1,2017.0,1,0
Ketto,6.0,12.0,2,2015.0,9,3
KhanaGadi,0.0,0.0,1,2016.0,1,2
Khel Now,3.645,7.29,2,2016.5,1,2
Kickstart Jobs,0.0,0.0,1,2016.0,4,2
kidovators,1.54,1.54,1,2018.0,1,0
Kidsstoppress,0.0,0.0,1,2016.0,1,2
Kinara Capital,42.88,42.88,1,2018.0,1,0
Kissht,137.23,274.46,2,2017.5,4,0
Kleeto,1.97,1.97,1,2015.0,1,2
KleverKid,0.0,0.0,1,2015.0,1,2
Klinic App,0.0,0.0,1,2017.0,1,0
Kloseby,0.86,0.86,1,2016.0,1,2
Klozee,0.0,0.0,1,2015.0,1,2
KNAB Finance,3.3,3.3,1,2017.0,3,0
Knolskae,0.0,0.0,1,2016.0,2,2
Knowlarity,171.54,171.54,1,2016.0,5,2
Kochi Post,0.0,0.0,1,2017.0,2,0
Kolabro,0.0,0.0,1,2015.0,2,2
Konsult App,4.29,4.29,1,2017.0,4,0
KOOH Sports,18.009999999999998,36.02,2,2015.5,4,2
Koovs,66.61666666666667,199.85,3,2016.0,2,3
Korra,2.57,2.57,1,2015.0,1,2
KountMoney,0.0,0.0,1,2015.0,2,2
Kratikal,0.0,0.0,1,2017.0,3,0
KrazyBee,42.885000000000005,85.77000000000001,2,2016.5,3,2
Kreate Konnect,0.0,0.0,1,2017.0,1,0
Kredx,28.945,57.89,2,2016.0,2,2
Kuants,0.69,0.69,1,2018.0,2,0
Kulzy,8.58,8.58,1,2015.0,2,2
Kuvera,194.05,388.1,2,2018.5,3,0
Kyazoonga,0.0,0.0,1,2016.0,1,2
LabInApp,0.0,0.0,1,2015.0,1,2
LabsAdvisor,1.34,1.34,1,2015.0,1,2
LabStreet,1.29,1.29,1,2015.0,1,2
LafaLafa,0.535,1.07,2,2015.0,1,2
La Renon,137.23,137.23,1,2015.0,1,2
LatestOne,27.23,54.46,2,2016.0,4,2
LaundryAnna,1.29,1.29,1,2016.0,1,2
Lavelle Networks,5.15,5.15,1,2017.0,1,0
Lawrato,0.0,0.0,1,2016.0,1,2
LazyLad,4.29,4.29,1,2015.0,3,2
Leadburg,0.0,0.0,1,2017.0,2,0
Leaf Wearables,2.14,2.14,1,2015.0,3,2
Leap India,68.615,137.23,2,2016.5,3,2
Leaping Caravan,1.29,1.29,1,2015.0,1,2
LearnOn,0.0,0.0,1,2015.0,1,2
LearnTron,0.0,0.0,1,2017.0,1,0
Leegality,29.16,29.16,1,2019.0,1,0
Leena AI,0.0,0.0,1,2018.0,1,0
Legal Raasta,25.73,51.46,2,2016.5,2,2
Legistify,0.0,0.0,1,2016.0,1,2
lehlehsports,0.0,0.0,1,2016.0,1,2
LenDen Club,2.145,4.29,2,2016.5,7,3
Lendingkart,192.24571428571429,1345.72,7,2016.857142857143,9,3
Lenskart,420.9883333333333,2525.93,6,2017.0,6,3
LensPick,0.0,0.0,1,2016.0,1,2
Leopetra,0.34,0.34,1,2017.0,1,0
LetReach,0.86,1.72,2,2016.0,1,2
Lets Barter,0.0,0.0,1,2016.0,1,2
Lets Endorse,0.0,0.0,1,2017.0,2,0
Letsmd,2.86,8.58,3,2016.6666666666667,6,3
Lets Reap,0.0,0.0,1,2017.0,4,0
Letsservice,0.0,0.0,1,2017.0,1,0
LetsTransport,49.46,148.38,3,2016.6666666666667,5,3
LetsVenture,0.0,0.0,1,2015.0,2,2
Leverage Edu,0.0,0.0,2,2017.0,9,3
LexComply,0.0,0.0,1,2016.0,1,2
Liases Foras,42.88,42.88,1,2015.0,1,2
Licious,94.3475,377.39,4,2016.75,5,3
LifCare,0.0,0.0,1,2016.0,7,3
Life Circle,1.29,1.29,1,2016.0,1,2
Life in Control,0.0,0.0,1,2016.0,1,2
Liftiee,0.93,0.93,1,2016.0,2,2
LiftO,1.12,1.12,1,2015.0,2,2
Lime Tray,0.0,0.0,1,2017.0,1,0
Limo,8.58,8.58,1,2016.0,1,2
Liqvid,0.0,0.0,1,2016.0,1,2
ListUp,4.29,4.29,1,2016.0,3,2
Little,0.0,0.0,1,2016.0,1,2
Little Black Book,4.29,8.58,2,2016.5,3,2
Little Black Book Delhi,1.29,1.29,1,2015.0,4,2
Littlemore,25.73,25.73,1,2018.0,1,0
Livehealth,9.43,9.43,1,2018.0,1,0
LiveNutriFit,0.0,0.0,1,2016.0,2,2
Living Local,1.72,1.72,1,2016.0,1,2
LivSpace,98.64,197.28,2,2015.5,4,2
Lo! Foods,4.29,4.29,1,2019.0,5,0
Loadshare,0.0,0.0,1,2017.0,1,0
LoanCircle,0.0,0.0,1,2015.0,2,2
Loan Frame,19.3,19.3,1,2017.0,3,0
Loanmeet,0.0,0.0,1,2017.0,4,0
Loan Tap,37.88333333333333,113.65,3,2016.5,8,3
Loanzen,0.0,0.0,2,2017.0,1,0
LocalCircles,0.0,0.0,1,2015.0,1,2
LocalOye,42.88,42.88,1,2015.0,2,2
LocalRamu,0.0,0.0,1,2016.0,1,2
Locanix,2.57,2.57,1,2016.0,1,2
Locus,11.795,23.59,2,2015.5,5,3
Log9 Materials,1.87,3.74,2,2017.5,3,0
Logic Roots,1.93,3.86,2,2016.0,3,2
LogiNext,42.885,85.77,2,2015.0,2,2
Lollypop,0.0,0.0,1,2018.0,1,0
LookAtMe,0.0,0.0,1,2016.0,1,2
Lookup,23.585,47.17,2,2015.0,5,3
LoudShout,0.0,0.0,1,2015.0,2,2
LoveCycles,6.43,6.43,1,2016.0,1,2
LoyaltyPrime,0.0,0.0,1,2017.0,3,0
Lucideus,0.0,0.0,2,2016.5,7,3
Lumiere,0.0,0.0,1,2016.0,1,2
Luxuryhues,7.72,7.72,1,2015.0,1,2
Lybrate,87.49,87.49,1,2015.0,3,2
M-TAXI,0.0,0.0,1,2015.0,2,2
m.paani,0.0,0.0,1,2016.0,5,2
MaalGaadi,3.22,3.22,1,2016.0,2,2
MachaDalo,1.5,1.5,1,2016.0,1,2
MadRat Games,0.72,1.44,2,2015.5,6,3
Mad Street Den,0.0,0.0,2,2017.0,4,0
MagicBricks,38.6,38.6,1,2017.0,1,0
Magic Crate,0.0,0.0,1,2016.0,2,2
Magicpin,37.74,150.96,4,2017.0,4,3
MagicX,8.58,8.58,1,2016.0,2,2
MakeMyTrip,814.8149999999999,1629.63,2,2017.0,1,0
Makkajai,2.14,2.14,1,2016.0,6,2
Mamaearth,38.354,191.77,5,2017.8,1,3
ManageMySpa,51.46,51.46,1,2015.0,1,2
Manch,6.0,6.0,1,2018.0,1,0
Maptags,0.15,0.15,1,2017.0,1,0
MarianaIQ,17.15,17.15,1,2016.0,1,2
Markets and Markets,480.31,480.31,1,2017.0,2,0
Massblurb,0.0,0.0,1,2015.0,2,2
Math Buddy,3.77,3.77,1,2016.0,1,2
MaxMyWealth,0.0,0.0,1,2017.0,2,0
Maya,0.0,0.0,1,2016.0,1,2
Mazkara,8.58,8.58,1,2016.0,1,2
MCaffeine,2.57,2.57,1,2016.0,5,2
mChamp,4.07,4.07,1,2016.0,1,2
MealHopper,0.86,0.86,1,2015.0,3,2
MebelKart,171.54,171.54,1,2015.0,1,2
Mech Mocha,25.73,51.46,2,2016.0,3,2
Medd,1.29,1.29,1,2015.0,1,2
medECUBE,34.31,34.31,1,2016.0,1,2
MedGenome,171.54,514.62,3,2016.6666666666667,7,3
Medidaili,0.86,0.86,1,2016.0,1,2
Medikabazaar,135.52,135.52,1,2019.0,4,0
Medikoe,0.86,0.86,1,2015.0,1,2
Medinfi,1.1166666666666667,6.7,6,2016.3333333333333,14,3
Medlife,145.81,145.81,1,2019.0,1,0
MedTel,0.0,0.0,1,2018.0,1,0
Medwell Ventures,132.945,265.89,2,2016.0,4,2
Medzin,0.39,0.39,1,2016.0,1,2
Meesho,271.0333333333333,1626.1999999999998,6,2017.3333333333333,8,3
MeetUniv,8.58,8.58,1,2015.0,1,2
Melorra,42.88,42.88,1,2016.0,1,2
MEngage,1.5,1.5,1,2018.0,4,0
MeraDoctor,5.145,10.29,2,2015.0,1,2
MeraKisan,0.0,0.0,1,2016.0,1,2
MergerWare,0.86,0.86,1,2017.0,1,0
Meritnation,34.31,34.31,1,2015.0,1,2
Meru Cabs,214.42,214.42,1,2016.0,1,2
MessaGif,0.43,0.43,1,2017.0,1,0
Metro Bikes,104.64,104.64,1,2018.0,2,0
mFicient,0.0,0.0,1,2015.0,1,2
mfine,24.445,48.89,2,2017.5,4,0
Mihup,57.47,57.47,1,2016.0,1,2
MilkBAsket,20.242,101.21,5,2017.4,2,3
Milofy,6.43,6.43,1,2016.0,1,2
Mindler,2.78,2.78,1,2016.0,1,2
MindTickle,169.395,338.79,2,2016.0,1,2
MindYourFleet,0.0,0.0,2,2016.5,2,2
Minjar,0.0,0.0,1,2017.0,7,3
mintifi,17.15,17.15,1,2018.0,1,0
MintM,0.0,0.0,1,2016.0,2,2
Mintwalk,0.0,0.0,1,2017.0,1,0
Mishry Reviews,0.0,0.0,1,2019.0,1,0
mishTag,0.0,0.0,1,2016.0,3,2
MiStay,0.0,0.0,1,2017.0,1,0
Misters,4.17,4.17,1,2019.0,2,0
MobiDent,0.0,0.0,2,2016.5,1,2
MobieFit,6.72,20.16,3,2016.0,2,3
Mobikon,26.59,79.77,3,2015.6666666666667,4,3
Mobikwik,260.74,1042.96,4,2015.5,7,3
Mobile Premier League,4.29,4.29,1,2018.0,1,0
Mobiliz AR,0.0,0.0,1,2017.0,2,0
MObiquest,0.0,0.0,1,2017.0,1,0
Mobycy,4.29,4.29,1,2017.0,1,0
MockBank,3.43,3.43,1,2015.0,1,2
MoEngage,18.225,36.45,2,2015.5,2,2
Moglix,130.71200000000002,653.5600000000001,5,2016.6,9,3
Mojarto,3.82,3.82,1,2016.0,1,2
MoMagic,0.0,0.0,1,2015.0,1,2
MoMark,5.15,5.15,1,2016.0,1,2
MoneyOnMobile,54.035,108.07,2,2018.0,1,0
MoneyTap,105.5,105.5,1,2017.0,3,0
MonkeyBox,0.0,0.0,2,2016.5,3,2
Monsoon Fintech,0.0,0.0,1,2017.0,4,0
Moodoo,0.34,0.34,1,2016.0,1,2
Moong Labs,0.0,0.0,1,2017.0,1,0
Moovo,0.0,0.0,1,2015.0,1,2
MotoMojo,0.0,0.0,1,2016.0,4,2
mPaani,11.58,11.58,1,2017.0,4,0
Mr Hot Foods,0.0,0.0,1,2016.0,1,2
MrNeeds,4.29,4.29,1,2017.0,1,0
MSE,274.46,274.46,1,2017.0,4,0
mShipper,0.0,0.0,1,2015.0,1,2
MSM Box,0.0,0.0,1,2015.0,1,2
Mswipe,175.82999999999998,351.66,2,2017.0,4,0
Mubble,0.0,0.0,2,2015.0,1,2
MuhurtMaza,0.0,0.0,1,2016.0,1,2
Multibhashi,0.0,0.0,1,2017.0,2,0
Multiplier Solutions,12.87,12.87,1,2017.0,1,0
Murgency,0.0,0.0,2,2016.0,1,2
Muvizz,3.0,3.0,1,2015.0,3,2
MyAdvo,0.0,0.0,1,2016.0,2,2
MyCFO,12.87,12.87,1,2015.0,1,2
MyChild App,0.86,0.86,1,2016.0,10,3
MyCity4Kids,25.73,25.73,1,2016.0,2,2
MyCuteOffice,0.0,0.0,1,2015.0,1,2
MyDentist,70.33,70.33,1,2015.0,3,2
MyDentistChoice,1.29,1.29,1,2016.0,1,2
MyDermacy,0.0,0.0,1,2017.0,1,0
MyDidi,4.72,4.72,1,2016.0,1,2
Myeglu,0.0,0.0,1,2016.0,1,2
Myelin Foundry,8.58,8.58,1,2019.0,1,0
My Forex Eye,1.89,1.89,1,2017.0,3,0
MyGlamm,48.46,96.92,2,2016.5,1,2
MyGreens,8.58,8.58,1,2017.0,2,0
MyGubbi,22.3,44.6,2,2016.5,6,3
My Healthcare,25.73,25.73,1,2019.0,1,0
MyIndianStay,1.72,1.72,1,2015.0,1,2
MyKindofJob,8.58,8.58,1,2016.0,2,2
MyLoanCare,8.39,8.39,1,2018.0,1,0
Myly,1.76,3.52,2,2016.5,1,2
Myonsto,2.74,2.74,1,2015.0,1,2
MyPoolin,1.07,2.14,2,2015.0,7,3
Myra,0.0,0.0,1,2017.0,2,0
MySeniorDoctor,1.72,1.72,1,2016.0,1,2
MySmartPrice,85.77,85.77,1,2015.0,2,2
Mystifly,42.88,42.88,1,2016.0,1,2
MySUN,21.44,21.44,1,2016.0,1,2
MySuperBrain,0.0,0.0,1,2016.0,1,2
MyTaxiIndia,4.576666666666667,13.73,3,2015.3333333333333,2,2
MyUpchar,22.725,45.45,2,2017.5,2,0
N.O.W,2.145,4.29,2,2016.0,2,2
Naaptol,315.205,630.41,2,2015.0,4,2
Nactus,0.0,0.0,1,2017.0,3,0
Nagpur Wholesale,1.23,1.23,1,2018.0,1,0
NanoClean Global,5.15,5.15,1,2019.0,4,0
Narvar,25.73,25.73,1,2018.0,1,0
Native Special,0.0,0.0,1,2017.0,2,0
Naturally Yours,0.0,0.0,1,2015.0,1,2
NatureNama,1.93,1.93,1,2016.0,1,2
Navia Life Care,0.0,0.0,1,2017.0,1,0
Nayi Disha,2.57,2.57,1,2015.0,2,2
Nazara Technologies,231.58,231.58,1,2017.0,1,0
NDTV ecommerce venture,0.0,0.0,1,2015.0,5,2
NDTV Wedding portal,171.54,171.54,1,2015.0,1,2
NearBuy,21.44,21.44,1,2016.0,1,2
NearBuy (previouslyxc2xa0 groupon India),137.23,137.23,1,2015.0,1,2
NearFox,0.0,0.0,1,2016.0,4,2
NearU,0.0,0.0,1,2016.0,1,2
NeoGrowth,137.23,137.23,1,2016.0,4,2
NeoGrowth Credit,403.12,403.12,1,2018.0,3,0
NeoStencil,8.58,8.58,1,2017.0,2,0
Neotrade Analytics,2.02,2.02,1,2015.0,1,2
NestAway,122.22333333333334,366.67,3,2015.6666666666667,2,3
Nest Education,5.15,5.15,1,2017.0,2,0
NetLinx,25.73,25.73,1,2016.0,2,2
Netmeds,283.0433333333333,849.13,3,2016.6666666666667,3,3
Netree,0.0,0.0,1,2016.0,2,2
Network Intelligence,41.17,41.17,1,2018.0,1,0
NeuroEquilibrium,2.14,2.14,1,2016.0,1,2
NeuroSynaptic,0.0,0.0,1,2016.0,3,2
New Castle Technologies,2.08,2.08,1,2017.0,1,0
Newgen Payments,0.0,0.0,1,2015.0,1,2
Newgen Software,171.54,171.54,1,2018.0,2,0
NewsDistill,0.86,0.86,1,2016.0,3,2
NewsLaundry,0.0,0.0,1,2016.0,5,2
Newspatrolling,0.21,0.21,1,2016.0,1,2
Nightstay,2.145,4.29,2,2016.0,4,2
Niki.ai,4.2875,17.15,4,2016.25,2,3
Ninjacart,98.63333333333333,295.9,3,2017.3333333333333,7,3
Niramai,0.0,0.0,1,2017.0,4,0
NirogStreet,2.57,2.57,1,2018.0,2,0
Nivesh,1.93,3.86,2,2017.5,6,3
NiYO Solutions,8.58,8.58,1,2016.0,1,2
NoBroker,117.334,586.67,5,2016.6,8,3
Noddapp,1.26,1.26,1,2016.0,1,2
Noodle Play,1.44,1.44,1,2015.0,3,2
NoPaperForms,7.48,7.48,1,2017.0,1,0
Northmist,0.0,0.0,1,2018.0,1,0
Notary Mama,0.0,0.0,1,2016.0,2,2
Notesgen,0.86,0.86,1,2016.0,2,2
Noticeboard,5.145,10.29,2,2017.0,3,0
Notion Press,8.58,8.58,1,2016.0,1,2
NowFloats,85.77,85.77,1,2017.0,3,0
Nukkad Shops,8.58,8.58,1,2016.0,1,2
numberz.in,5.58,5.58,1,2016.0,2,2
Numeroseven,0.0,0.0,1,2018.0,1,0
Nurturey,2.83,2.83,1,2017.0,1,0
Nuvepro,3.43,3.43,1,2017.0,1,0
NxtGen,115.79,115.79,1,2015.0,3,2
Nykaa,305.91333333333336,1835.48,6,2016.8333333333333,8,3
Obino,0.0,0.0,1,2016.0,1,2
Observe AI,68.62,68.62,1,2018.0,5,0
Octo.ai,1.72,1.72,1,2016.0,6,2
Ofbusiness,104.85,419.4,4,2016.75,4,3
Oglas,0.0,0.0,1,2017.0,2,0
Oho Shop,57.47,57.47,1,2017.0,2,0
oibanit,1.29,1.29,1,2015.0,2,2
Oi Media,0.0,0.0,1,2017.0,1,0
OkCredit,132.94,132.94,1,2019.0,1,0
Ola Cabs,1565.2191666666668,17618.87,9,2016.3333333333333,9,3
Oliveboard,0.0,0.0,1,2016.0,1,2
Olly Credit,0.0,0.0,1,2017.0,4,0
Omnia Information,25.73,25.73,1,2017.0,1,0
Omnify,1.29,1.29,1,2017.0,3,0
Omnikart,0.86,0.86,1,2015.0,2,2
OncoStem,51.46,51.46,1,2017.0,2,0
OneAssist,32.165,64.33,2,2016.0,2,2
OneClickWash,0.0,0.0,1,2016.0,1,2
OneStepUp,2.88,2.88,1,2017.0,1,0
Oneway.cab,3.86,3.86,1,2016.0,1,2
OnlineRTI,1.29,1.29,1,2015.0,2,2
OnlineTyari,6.6,6.6,1,2015.0,5,2
ONN Bikes,2.97,5.94,2,2016.5,1,2
Onspoon,1.29,1.29,1,2016.0,1,2
Oorjan,3.86,3.86,1,2017.0,1,0
OpenApp,30.88,30.88,1,2017.0,2,0
OpenTap,3.86,3.86,1,2018.0,1,0
Opinio,35.595,71.19,2,2015.0,3,2
OptaCredit,34.31,34.31,1,2018.0,1,0
Orahi,4.46,4.46,1,2016.0,1,2
OrangeTwig,8.58,8.58,1,2016.0,1,2
Organicshop,0.0,0.0,1,2016.0,5,2
Oriano Solar,25.73,25.73,1,2017.0,1,0
ORIGA Leasing,9.43,9.43,1,2015.0,2,2
Origo Commodities India Pvt. Ltd,94.35,94.35,1,2018.0,2,0
Orobind,0.0,0.0,1,2015.0,1,2
Oust App,0.0,0.0,1,2016.0,2,2
OUWT,1.29,1.29,1,2015.0,1,2
Overcart,25.73,25.73,1,2016.0,4,2
OyBob,0.0,0.0,1,2016.0,1,2
Oyo,857.7,857.7,1,2016.0,5,2
OYOfit,0.0,0.0,1,2016.0,1,2
OyoRooms,1068.4485714285713,7479.139999999999,7,2016.428571428572,9,3
Paalak,0.0,0.0,1,2017.0,5,0
Padhopadhao,0.0,0.0,1,2016.0,1,2
Paintcollar,0.0,0.0,1,2015.0,1,2
PaisaWapas,0.0,0.0,1,2017.0,1,0
Pando,77.19,77.19,1,2020.0,1,0
Pandorum Technologies,0.0,0.0,1,2016.0,2,2
Paper Boat,257.31,257.31,1,2015.0,2,2
Paperflite,3.43,3.43,1,2018.0,1,0
ParaBlu,4.29,4.29,1,2016.0,1,2
Parallel Dots,12.01,12.01,1,2017.0,2,0
Parcelled,21.44,42.88,2,2015.0,2,2
Parentlane,0.0,0.0,2,2016.0,8,3
Parentune,0.0,0.0,1,2017.0,2,0
Park Easy,1.01,1.01,1,2017.0,1,0
Pastiwala,34.31,34.31,1,2015.0,1,2
Patel Logistics,48.03,48.03,1,2015.0,1,2
PayMango,2.01,2.01,1,2015.0,1,2
Paynear,21.44,21.44,1,2015.0,1,2
PaySense,99.925,199.85,2,2017.5,1,0
Paytm,5401.7080000000005,27008.54,5,2017.0,2,3
Paytm Marketplace,1715.4,1715.4,1,2017.0,1,0
Paytunes,2.145,4.29,2,2015.5,2,2
PeeBuddy,3.8,3.8,1,2017.0,1,0
Peel Works,0.0,0.0,1,2017.0,1,0
PeeSafe,8.58,8.58,1,2018.0,7,0
PeeSafe.in,8.58,8.58,1,2017.0,4,0
Pepperfry,485.17333333333335,1455.52,3,2016.3333333333333,5,3
Peppertap,142.95,428.85,3,2015.0,3,3
Perfios,52.32,52.32,1,2017.0,1,0
Perfumery,0.26,0.26,1,2016.0,1,2
perpule,5.58,5.58,1,2017.0,1,0
Perspectico,0.0,0.0,1,2017.0,2,0
Petoo,6.4350000000000005,12.87,2,2016.0,1,2
PetSutra,1.27,1.27,1,2018.0,1,0
PharmaRack,6.39,6.39,1,2016.0,2,2
Pharmeasy,67.18666666666667,201.56,3,2017.6666666666667,5,3
Phone Pe,449.005,898.01,2,2017.5,1,0
Phone Warrior,0.0,0.0,1,2015.0,1,2
Pianta,0.0,0.0,1,2016.0,2,2
Pickingo,11.15,11.15,1,2015.0,2,2
PickMe,15.35,15.35,1,2017.0,1,0
PickMyLaundry,1.29,2.58,2,2015.5,2,2
Pickrr,0.0,0.0,2,2015.5,1,2
PicsDream,0.0,0.0,1,2016.0,1,2
Pictor Imaging,1.26,1.26,1,2016.0,1,2
Pi Data Centers,197.27,197.27,1,2016.0,1,2
Pikkol,0.0,0.0,2,2016.0,2,2
PinClick,0.0,0.0,1,2016.0,1,2
Pindropmusic,0.86,0.86,1,2016.0,1,2
Pine Labs,514.96,1029.92,2,2018.5,2,0
PinkBlue,1.92,1.92,1,2016.0,8,3
Pipabella,6.865,13.73,2,2016.5,1,2
PipeCandy,9.43,9.43,1,2017.0,4,0
PiQube,4.29,4.29,1,2015.0,1,2
Pitstop,2.86,8.58,3,2016.3333333333333,7,3
Pi Ventures,132.94,265.88,2,2018.0,3,0
Plabro,3.0,3.0,1,2015.0,4,2
PlaceofOrigin,0.0,0.0,1,2015.0,5,2
Plancess,17.15,17.15,1,,2,2
PlanetGogo,0.0,0.0,1,2015.0,1,2
PlanMynMedicalTrip,1.29,1.29,1,2016.0,2,2
Planys Technologies,8.92,8.92,1,2018.0,4,0
Playablo,5.15,5.15,1,2017.0,1,0
Playment,6.0,6.0,1,2016.0,1,2
PlaySimple,34.31,34.31,1,2016.0,2,2
Play Your Sport,0.0,0.0,1,2016.0,1,2
PlexusMD,0.0,0.0,1,2016.0,4,2
Plick,0.0,0.0,1,2016.0,1,2
Plix,4.29,4.29,1,2016.0,1,2
Pluss,8.58,8.58,1,2015.0,3,2
Pocket Aces,25.73,25.73,1,2016.0,7,3
Pocketin,1.29,1.29,1,2016.0,1,2
Pokkt,42.88,42.88,1,2015.0,7,2
PolicyBazaar,739.1225,2956.49,4,2017.0,5,3
POPxo,30.30333333333333,90.91,3,2016.6666666666667,10,3
PortDesk,17.15,17.15,1,2017.0,1,0
Portea,223.0,223.0,1,2017.0,2,0
Portea Medical,321.64,321.64,1,2015.0,4,2
Poshtic,3.86,3.86,1,2016.0,2,2
PosterGully,0.0,0.0,1,2015.0,3,2
Postman,34.31,68.62,2,2015.5,1,2
Power2SME,162.96333333333334,488.89,3,2016.6666666666667,7,3
Powerstores,0.0,0.0,1,2015.0,1,2
PParke,0.0,0.0,1,2017.0,1,0
Practo,621.835,1243.67,2,2016.0,10,3
Pragmatix,20.58,20.58,1,2015.0,1,2
Pramati,1.72,1.72,1,2016.0,1,2
Pratilipi,18.44,36.88,2,2017.0,1,0
Predible Health,0.0,0.0,1,2018.0,1,0
Pregbuddy,0.0,0.0,1,2018.0,4,0
Prepathon,0.0,0.0,1,2016.0,1,2
Prescribez,1.24,1.24,1,2016.0,1,2
PressPlay,18.87,18.87,1,2015.0,4,2
PressPlay TV,0.0,0.0,1,2016.0,3,2
Prest Loans,4.89,4.89,1,2017.0,3,0
PrettySecrets,51.46,51.46,1,2016.0,2,2
Pricejugaad,1.42,1.42,1,2015.0,2,2
PriceRaja,2.57,2.57,1,2016.0,1,2
PrimaryIO,48.03,48.03,1,2017.0,3,0
PrimaSeller,0.0,0.0,1,2015.0,2,2
Prime Focus Technologies,0.0,0.0,1,2016.0,1,2
Printland,0.0,0.0,1,2015.0,1,2
Process 9,0.0,0.0,1,2016.0,5,2
ProcMart,0.0,0.0,1,2016.0,1,2
Progcap,42.88,42.88,1,2019.0,1,0
Project Mudra,0.43,0.43,1,2017.0,1,0
Promon,1.54,1.54,1,2016.0,1,2
PropertyShare,0.0,0.0,1,2017.0,3,0
PropheSee,4.29,4.29,1,2015.0,3,2
Propstack,25.73,25.73,1,2015.0,1,2
PropStory,0.0,0.0,1,2017.0,5,0
Prothom,17.15,17.15,1,2015.0,1,2
Proviera,4.72,4.72,1,2015.0,1,2
Proximit,1.29,1.29,1,2016.0,1,2
Prozo,2.23,4.46,2,2015.5,5,3
Pulse,4.29,4.29,1,2016.0,1,2
PumpKart,0.0,0.0,1,2017.0,1,0
Puro Wellness,317.35,317.35,1,2016.0,1,2
PurpleDocs,0.0,0.0,1,2016.0,2,2
PurpleHealth,0.86,0.86,1,2016.0,1,2
Purple Squirrel,0.0,0.0,1,2015.0,2,2
Purple Style Labs,3.84,3.84,1,2016.0,5,2
Purplle,28.035,56.07,2,2016.5,3,2
Qacco,1.29,1.29,1,2016.0,3,2
Qdesq,0.0,0.0,1,2016.0,5,2
QikPod,77.19,77.19,1,2015.0,4,2
QikShip,1.72,1.72,1,2016.0,1,2
Qik Stay,2.14,2.14,1,2015.0,1,2
Qlivery,0.985,1.97,2,2016.0,1,2
Qonfuse,0.0,0.0,1,2016.0,1,2
QorQI,0.0,0.0,1,2017.0,1,0
Qriyo,0.685,1.37,2,2016.5,1,2
Qubole,235.865,471.73,2,2016.5,6,3
Quickli,0.0,0.0,2,2015.5,3,2
Quifers,2.66,2.66,1,2015.0,4,2
Quikr,657.57,1972.71,3,2015.3333333333333,5,3
QuikWallet,13.72,13.72,1,2015.0,1,2
Quinto,0.0,0.0,1,2015.0,1,2
Quintype,28.3,28.3,1,2015.0,1,2
quizizz,25.73,25.73,1,2018.0,2,0
QwikSpec,3.6,7.199999999999999,2,2017.0,5,3
Qyk App,8.58,8.58,1,2015.0,4,2
RailYatri,0.0,0.0,4,2016.25,10,3
RainCan,1.075,2.15,2,2015.5,1,2
Rao IIT Academy,73.76,73.76,1,2018.0,1,0
Rapido,2.1466666666666665,6.44,3,2016.6666666666667,4,3
Rapido Bike Taxi,33450.3,33450.3,1,2019.0,1,1
Rare Media,9.43,9.43,1,2016.0,1,2
RawPressery,30.876666666666665,92.63,3,2017.3333333333333,3,3
RayIOT,0.86,0.86,1,2016.0,1,2
Razorpay,62.1825,248.73,4,2016.0,3,3
rBus,0.0,0.0,1,2015.0,2,2
Reach,4.29,4.29,1,2016.0,5,2
RealBox,2.57,2.57,1,2016.0,1,2
Recykal,223.0,223.0,1,2019.0,2,0
RedBook,2.14,2.14,1,2017.0,2,0
Red Carpet,21.44,21.44,1,2017.0,1,0
Reddoorz,4.29,8.58,2,2015.5,1,2
Redesyn,0.0,0.0,1,2017.0,1,0
RedPolka,2.14,2.14,1,2015.0,1,2
Redsun Telematics,0.0,0.0,1,2016.0,1,2
Register My Marriage,0.0,0.0,1,2017.0,1,0
ReGlobe,8.58,8.58,1,2015.0,2,2
Rein Games,428.85,428.85,1,2019.0,1,0
Remidio,0.0,0.0,1,2016.0,1,2
Remit Guru,4.0,4.0,1,2017.0,2,0
Remitr,8.58,8.58,1,2016.0,6,2
Renderlogy,8.58,8.58,1,2015.0,1,2
RenewBuy,63.685,254.74,4,2016.75,2,3
Reniso,0.0,0.0,1,2017.0,2,0
Renomania,0.0,0.0,1,2015.0,1,2
Renowala,0.0,0.0,2,2015.5,1,2
Rentalpha,137.23,137.23,1,2016.0,1,2
Rentickle,2.14,2.14,1,2016.0,4,2
RentMojo,42.88,42.88,1,2016.0,2,2
Rentomo,0.86,0.86,1,2016.0,1,2
Rentomojo,51.46,102.92,2,2016.0,3,2
RentOnGo,1.005,2.01,2,2016.0,4,2
RentSher,6.0,12.0,2,2017.0,7,3
RepairEasy,2.36,2.36,1,2016.0,1,2
ReportBee,0.0,0.0,1,2015.0,1,2
RepUp,0.0,0.0,1,2015.0,1,2
Ressy,3.43,3.43,1,2015.0,1,2
REstate,0.0,0.0,1,2016.0,1,2
Retention.ai,4.29,4.29,1,2015.0,4,2
Retigence Technologies,0.0,0.0,1,2015.0,1,2
Reverie,34.31,34.31,1,2015.0,2,2
Revv,99.79,199.58,2,2017.0,4,0
RevX,34.31,34.31,1,2015.0,5,2
Ridlr,51.46,51.46,1,2016.0,4,2
Rivigo,300.1975,1200.79,4,2016.75,2,3
RKSV,34.31,34.31,1,2016.0,1,2
RML Agtech,34.31,34.31,1,2017.0,1,0
RoadGods,0.86,0.86,1,2016.0,1,2
Roadrunnr,90.06,180.12,2,2015.0,4,2
Roambee,35.17,35.17,1,2017.0,1,0
Roast,0.0,0.0,1,2016.0,1,2
Robosoft,102.92,102.92,1,2015.0,2,2
RoboVac,3.86,3.86,1,2016.0,1,2
Rocketium,2.57,2.57,1,2018.0,1,0
Rock N Shop,1.29,1.29,1,2015.0,1,2
Roder,2.06,2.06,1,2016.0,1,2
Roll Mafia,0.685,1.37,2,2015.5,1,2
RoomCentral,17.15,17.15,1,2015.0,1,2
Room On Call,9.86,19.72,2,2015.5,1,2
RoomsTonite,12.87,12.87,1,2015.0,7,2
Rootefy,1.6,1.6,1,2017.0,2,0
Rooter,0.0,0.0,2,2016.5,3,2
Roposo,90.63333333333333,271.9,3,2016.3333333333333,1,2
Rubique,12.865,25.73,2,2017.5,3,0
Rubix,8.58,8.58,1,2018.0,1,0
Runnr,60.04,60.04,1,2016.0,2,2
Rupaiya Exchange,1.72,1.72,1,2016.0,1,2
Rupeek,58.58,58.58,1,2018.0,2,0
S-Cube Futuretech,8.58,8.58,1,2015.0,1,2
Saahas Zero Waste,7.45,7.45,1,2019.0,1,0
Saama,300.2,300.2,1,2015.0,1,2
Saavn,428.85,857.7,2,2015.5,6,3
Sabse,0.0,0.0,1,2015.0,1,2
SafetyKart,0.0,0.0,1,2017.0,1,0
Sagacito,85.77,85.77,1,2016.0,1,2
Sahajanand Medical Technologies,310.74,310.74,1,2018.0,1,0
Sahayog Dairy,15.44,15.44,1,2015.0,1,2
SaleBhai,6.435,12.87,2,2016.0,3,2
Sambandh,21.44,21.44,1,2018.0,1,0
Samco,64.33,64.33,1,2018.0,1,0
Samosa Labs,60.04,60.04,1,2018.0,1,0
Sampurnearth,1.37,1.37,1,2015.0,2,2
Samunnati,201.56,201.56,1,2018.0,2,0
Samunnati Financial Intermediation & Services Pvt. Ltd,42.88,42.88,1,2019.0,2,0
Saral Designs,0.0,0.0,1,2016.0,3,2
SastaSundar,42.88,42.88,1,2017.0,1,0
Sattviko,0.0,0.0,2,2016.5,7,3
SatvaCart,7.72,15.44,2,2015.5,3,2
SatvaKart,0.0,0.0,1,2016.0,1,2
SaveBC,51.46,51.46,1,2017.0,1,0
SavvyMob,8.58,8.58,1,2016.0,2,2
Sayfix,1.37,1.37,1,2016.0,1,2
Scandid,0.0,0.0,2,2015.5,1,2
Scapic,4.29,4.29,1,2018.0,2,0
S Chand,231.58,231.58,1,2015.0,1,2
Schedulers Logistics,51.46,51.46,1,2016.0,1,2
SchoolGuru,25.73,25.73,1,2015.0,1,2
Schoolkart,2.57,2.57,1,2016.0,1,2
SchoolWear,12.87,12.87,1,2016.0,1,2
Scienaptic,0.0,0.0,1,2016.0,1,2
ScoopWhoop,34.31,34.31,1,2015.0,1,2
Scootsy,30.88,30.88,1,2017.0,2,0
ScoutMyTrip,0.0,0.0,1,2017.0,1,0
Scripbox,10.72,21.44,2,2015.5,6,3
Seclore,102.92,102.92,1,2016.0,4,2
Securens,42.88,42.88,1,2017.0,2,0
SecururAX,0.0,0.0,1,2017.0,2,0
SeeDoc,8.58,8.58,1,2016.0,1,2
Seed Schools,5.58,5.58,1,2015.0,1,2
Seenit,0.0,0.0,1,2017.0,2,0
SelectJobs,0.0,0.0,1,2017.0,1,0
Seniority,8.58,8.58,1,2017.0,1,0
Sensara,6.43,6.43,1,2016.0,2,2
SenseGiz,4.29,4.29,1,2015.0,1,2
Sepalika,6.43,6.43,1,2017.0,1,0
Sequretek,0.0,0.0,1,2017.0,2,0
SERV'D,0.86,0.86,1,2016.0,1,2
Servify,0.0,0.0,2,2016.0,5,3
ServX,0.0,0.0,1,2015.0,1,2
Sesame Software,0.0,0.0,1,2016.0,1,2
Setu,30.02,30.02,1,2019.0,1,0
ShaadiSaga,0.0,0.0,1,2016.0,6,2
ShabdaNagari,1.72,1.72,1,2016.0,1,2
ShabdNagari,0.0,0.0,1,2016.0,1,2
Shadowfax,39.925,79.85,2,2015.0,4,2
Shadowfox,85.77,85.77,1,2016.0,1,2
Shape,857.7,857.7,1,2018.0,1,0
ShareChat,67.33,201.99,3,2016.6666666666667,5,3
Sheroes,11.02,22.04,2,2015.5,5,3
SheThePeople,0.0,0.0,1,2016.0,1,2
ShilpMIS,0.0,0.0,1,2017.0,2,0
Shippr,4.29,4.29,1,2015.0,1,2
Shipsy,8.58,8.58,1,2016.0,1,2
Shirsa Labs,3.215,6.43,2,2016.5,3,2
Shoekonnect,0.0,0.0,2,2016.0,1,2
Shop 101,42.88,42.88,1,2018.0,4,0
Shopalyst,17.15,17.15,1,2015.0,1,2
Shopatplaces,0.0,0.0,1,2015.0,1,2
Shopclues,461.87,923.74,2,2016.5,3,2
Shopholix,2.0,2.0,1,2017.0,1,0
ShopKirana,5.716666666666666,17.15,3,2016.6666666666667,6,3
ShoppinPal,9.18,9.18,1,2016.0,2,2
Shopsense,0.0,0.0,1,2015.0,3,2
ShopsUp,8.26,8.26,1,2016.0,2,2
Shopwati,0.0,0.0,1,2016.0,1,2
ShopX,171.54,343.08,2,2017.0,1,0
Shotang,42.88,42.88,1,2015.0,2,2
Shouut,4.29,4.29,1,2016.0,1,2
Shubh Loans,16.296666666666667,48.89,3,2017.0,6,3
Shuttl,94.45,377.8,4,2018.0,2,3
Sibia Analytics,0.0,0.0,1,2016.0,1,2
SidQam,10.29,10.29,1,2016.0,3,2
SIFTR Labs,1.29,1.29,1,2016.0,1,2
Signzy,29.16,29.16,1,2018.0,4,0
Sigrid Education,0.0,0.0,1,2015.0,1,2
Sigtuple,70.90333333333334,212.71,3,2017.0,10,3
SillyMonks,3.84,3.84,1,2016.0,1,2
Silvan,4.42,4.42,1,2016.0,1,2
Silvan Innovation Labs,7.72,7.72,1,2016.0,1,2
SilverPush,10.29,10.29,1,2015.0,1,2
Simility,150.1,150.1,1,2017.0,1,0
Simpli5d,0.0,0.0,1,2015.0,2,2
Simplilearn,60.04,180.12,3,2015.6666666666667,3,3
SimpliLend,0.0,0.0,1,2017.0,1,0
Simulanis,0.0,0.0,1,2017.0,1,0
SirionLabs,105.07,105.07,1,2016.0,1,2
Skedool,0.0,0.0,1,2016.0,3,2
SkillAngels,0.0,0.0,1,2015.0,1,2
Skillate,0.0,0.0,1,2018.0,2,0
Skillbox,0.0,0.0,1,2018.0,1,0
Skill Connect,0.0,0.0,1,2017.0,1,0
Skillenza,6.19,6.19,1,2017.0,2,0
Skoov,1.29,1.29,1,2015.0,1,2
SkyCandle,0.0,0.0,1,2016.0,1,2
Sky Met Weather,0.0,0.0,1,2017.0,1,0
Slang Labs,10.64,10.64,1,2018.0,1,0
Slice Pay,17.15,17.15,1,2017.0,2,0
Slide App,30.88,30.88,1,2016.0,1,2
Smaaash,204.99,409.98,2,2017.0,1,0
Smartcoin,8.575,17.15,2,2017.5,2,0
Smartcooky,0.0,0.0,2,2016.0,6,3
SmartHi,0.0,0.0,1,2017.0,1,0
Smartivity,12.864999999999998,25.73,2,2017.0,3,0
Smartivity.in,1.72,1.72,1,2015.0,1,2
Smart Karma,0.0,0.0,1,2017.0,1,0
Smartron,0.0,0.0,1,2016.0,1,2
SmartVizX,4.29,4.29,1,2016.0,3,2
SMECorner,0.0,0.0,1,2017.0,1,0
Sminq,8.58,8.58,1,2016.0,2,2
Smytten,0.86,1.72,2,2015.5,2,2
Snackible,1.5,1.5,1,2017.0,6,0
Snapbizz,30.875,61.75,2,2016.0,4,2
Snapdeal,3001.95,6003.9,2,2015.5,3,3
Snapshopr,0.0,0.0,1,2016.0,1,2
Social Quotient,0.0,0.0,1,2016.0,3,2
SolarTown,1.72,1.72,1,2016.0,1,2
SooperMO,0.86,0.86,1,2016.0,1,2
Soothe Healthcare,0.0,0.0,1,2015.0,1,2
SoundSurround,0.19,0.19,1,2016.0,1,2
Spandana Sphoorty,167.25,167.25,1,2017.0,2,0
Spares Hub,3.31,6.62,2,2016.0,5,3
Specsmakers,85.77,85.77,1,2017.0,1,0
SpectraVR,0.0,0.0,1,2016.0,1,2
SpeedBox,2.57,2.57,1,2017.0,1,0
SpiderG,1.29,1.29,1,2016.0,5,2
Spinny,8.58,8.58,1,2017.0,4,0
Splitkart,0.0,0.0,1,2015.0,5,2
SpoonJoy,8.58,8.58,1,2015.0,1,2
Sport Flashes,0.0,0.0,1,2017.0,3,0
Sportido,0.0,0.0,1,2016.0,1,2
Sportobuddy,1.29,1.29,1,2017.0,1,0
Sports Flashes,0.0,0.0,2,2017.0,4,0
SportyBeans,0.0,0.0,1,2015.0,1,2
SportzVillage,85.77,85.77,1,2015.0,1,2
SpotDraft,4.72,4.72,1,2017.0,5,0
Springboard,48.03,96.06,2,2016.0,9,3
SP Robotics,2.57,2.57,1,2016.0,2,2
Sqqrl,8.58,8.58,1,2018.0,1,0
Squadrun,18.01,18.01,1,2017.0,7,3
Square Yards,80.05,240.15,3,2016.0,2,3
STAGE 3,0.0,0.0,1,2015.0,3,2
StalkBuyLove,12.008,60.04,5,2016.0,4,3
StanPlus,9.43,9.43,1,2017.0,1,0
Stanza Living,17.15,17.15,1,2017.0,2,0
Staqu,0.0,0.0,1,2016.0,1,2
Startup Buddy,0.0,0.0,1,2017.0,2,0
Stashfin,42.88,42.88,1,2017.0,2,0
Stasis Labs,42.88,42.88,1,2016.0,3,2
Stayabode,0.0,0.0,1,2017.0,4,0
Staydobe,0.0,0.0,1,2017.0,1,0
StayGlad,0.0,0.0,2,2015.0,3,2
Stayology,0.0,0.0,1,2016.0,1,2
Stay Simple Resorts,0.0,0.0,1,2015.0,2,2
StayZilla,115.79,115.79,1,2016.0,2,2
Stelae,0.0,0.0,1,2015.0,1,2
Stellaps,120.08,120.08,1,2018.0,7,0
StitchWood,2.555,5.11,2,2015.5,2,2
Stockal,1.5,3.0,2,2016.0,4,2
Stockroom.io,0.3,0.6,2,2016.0,2,2
StoreKing,137.23,137.23,1,2016.0,1,2
StoreMore.in,0.0,0.0,1,2015.0,1,2
Strata Enviro,0.0,0.0,1,2017.0,1,0
Stratfit,1.99,1.99,1,2017.0,1,0
Streak,3.04,3.04,1,2018.0,2,0
Streamoid,8.58,8.58,1,2015.0,1,2
Streo,0.0,0.0,1,2016.0,2,2
Strike,0.19,0.19,1,2016.0,1,2
Stuffed,3.3,3.3,1,2015.0,1,2
Stumagz,0.0,0.0,1,2018.0,3,0
Stylecracker,8.58,8.58,1,2015.0,1,2
StyleDotMe,0.16,0.32,2,2017.5,4,0
StyleTag,64.33,64.33,1,2015.0,1,2
Stylflip,0.0,0.0,1,2016.0,2,2
Stylofie,1.07,2.14,2,2015.5,1,2
Sulekha,240.16,240.16,1,2015.0,1,2
Sumeru,8.15,16.3,2,2017.0,1,0
Summerlabel,1.29,1.29,1,2017.0,2,0
Sunday Realty Solutions,6.73,6.73,1,2015.0,3,2
Sunstone Eduversity Pvt. Ltd,12.87,12.87,1,2019.0,3,0
SunTerrace,0.0,0.0,1,2015.0,1,2
SuperGaming,11.15,11.15,1,2019.0,1,0
Superhero Brands,4.63,4.63,1,2015.0,1,2
Supplified,8.58,8.58,1,2016.0,1,2
Supr Daily,4.633333333333333,13.9,3,2016.6666666666667,7,3
Swajal,10.29,10.29,1,2015.0,1,2
Swiggy,290.01125,2320.09,8,2016.0,10,3
SwitchMe,0.0,0.0,1,2016.0,6,2
Synctag,2.64,2.64,1,2018.0,1,0
Synup,51.46,51.46,1,2017.0,2,0
Syona Cosmetics,0.645,1.29,2,2015.5,1,2
Systemantics,12.01,12.01,1,2016.0,2,2
TableHero,8.58,8.58,1,2016.0,6,2
TAC Security,0.0,0.0,1,2016.0,1,2
TagBox,0.0,0.0,1,2017.0,2,0
Tagos Design,42.88,42.88,1,2017.0,1,0
Tails Life,0.0,0.0,2,2016.5,2,2
Tala,943.47,943.47,1,2019.0,1,0
TalentEdge,65.19,65.19,1,2017.0,1,0
Talent Next,8.58,8.58,1,2016.0,1,2
Talentrack,0.0,0.0,1,2015.0,1,2
Talkoot,0.86,0.86,1,2015.0,1,2
TapChief,0.645,1.29,2,2016.0,4,2
Tapzo,16.55,16.55,1,2018.0,1,0
Tarusa World,0.0,0.0,1,2016.0,1,2
Taskbob,24.445,48.89,2,2015.5,4,2
TaskBucks,128.66,128.66,1,2015.0,1,2
Tata Housing,197.27,197.27,1,2017.0,1,0
Tavaga,0.0,0.0,1,2015.0,1,2
Tax2Win,8.58,8.58,1,2016.0,1,2
TaxiVaxi,4.29,4.29,1,2016.0,1,2
TaxSutra,3.14,3.14,1,2017.0,3,0
Tazzo Bikes,1.95,1.95,1,2016.0,1,2
Tea Box,20.01333333333333,60.04,3,2016.3333333333333,1,2
Tea Trails,8.58,8.58,1,2015.0,3,2
Telr,25.73,25.73,1,2017.0,1,0
TempGo,2.14,2.14,1,2017.0,1,0
TempoGo,7.08,7.08,1,2017.0,1,0
Ten3t Health,0.0,0.0,1,2016.0,2,2
Teritree,1.2,1.2,1,2015.0,1,2
Termsheet,0.86,0.86,1,2015.0,7,2
TestBook,0.0,0.0,2,2016.5,1,2
THB,0.0,0.0,1,2016.0,2,2
The/Nudge Foundation,2.7,2.7,1,2015.0,3,2
TheBetterIndia,0.0,0.0,1,2015.0,1,2
The BlueBook,4.29,4.29,1,2016.0,2,2
TheCapitalNet,4.29,4.29,1,2018.0,1,0
The Good Life,8.58,8.58,1,2017.0,2,0
The Gourmet Jar,0.0,0.0,1,2016.0,1,2
The Healthy Billions,18.01,18.01,1,2018.0,2,0
The Home Salon,0.0,0.0,1,2015.0,1,2
The Indian IRIS,0.0,0.0,1,2016.0,1,2
TheKarrier,2.06,2.06,1,2015.0,3,2
The Ken,8.15,16.3,2,2017.5,8,3
The Kettlery,8.58,8.58,1,2016.0,2,2
The Label Life,26.59,26.59,1,2017.0,1,0
The Man Company,0.0,0.0,2,2017.0,3,0
The Moms Co,8.58,8.58,1,2017.0,2,0
The Mons Co.,0.0,0.0,1,2017.0,2,0
The News Minute,0.0,0.0,1,2015.0,1,2
The Office Pass,2.1,2.1,1,2017.0,2,0
The Porter,25.73,51.46,2,2015.0,4,2
The Postbox,0.0,0.0,1,2016.0,3,2
The Print,2.295,4.59,2,2017.5,6,3
Theranosis,0.0,0.0,1,2018.0,1,0
TheSmartQ,2.14,2.14,1,2016.0,1,2
The Uolo,1.8,1.8,1,2016.0,3,2
The Viral Fever,85.77,85.77,1,2016.0,1,2
The Wedding Brigade,6.865,13.73,2,2017.0,1,0
ThinkerBell,1.72,1.72,1,2017.0,2,0
ThinkPhi,0.0,0.0,1,2016.0,1,2
ThirdWatch,0.0,0.0,1,2017.0,3,0
TicketNew,300.2,300.2,1,2017.0,1,0
Tilite Technologies Pvt. Ltd,0.0,0.0,1,2017.0,1,0
Timemytask,0.0,0.0,1,2016.0,1,2
Timesaverz,14.579999999999998,29.16,2,2016.0,1,2
Tinmen,0.0,0.0,3,2016.6666666666667,3,3
TinyOwl,64.33,64.33,1,2015.0,2,2
TinyStep,7.675,30.7,4,2016.25,1,3
Tiyo,0.0,0.0,1,2016.0,1,2
Toffee,12.87,12.87,1,2018.0,2,0
TOFlo,0.86,0.86,1,2015.0,1,2
Toko Innovations,3.86,3.86,1,2016.0,2,2
TOKO Innovation Studios,3.86,3.86,1,2016.0,1,2
Tokri,21.44,21.44,1,2016.0,1,2
Tonbo Imaging,145.81,145.81,1,2017.0,4,0
Tonetag,25.73333333333333,77.2,3,2016.3333333333333,4,3
Tooler,0.94,0.94,1,2015.0,2,2
Toppr,40.91333333333333,245.48,6,2016.8333333333333,4,3
TopRankers,5.75,5.75,1,2016.0,3,2
Tork Motocycles,0.0,0.0,1,2016.0,2,2
Torqus,3.0,3.0,1,2015.0,1,2
TouchKin,7.29,14.58,2,2016.5,6,3
Town Essentials,8.58,8.58,1,2015.0,4,2
Townrush,0.0,0.0,1,2015.0,1,2
TownScript,0.0,0.0,1,2017.0,1,0
Tpot,0.0,0.0,1,2016.0,1,2
Trackbizz,0.0,0.0,1,2016.0,1,2
Tracxn,28.9475,115.79,4,2015.5,7,3
Tradelab,3.43,3.43,1,2015.0,1,2
Trading Bells,2.55,2.55,1,2016.0,1,2
Trak N Tell,30.02,30.02,1,2016.0,1,2
Transcell,0.0,0.0,1,2016.0,1,2
Transerv,128.66,128.66,1,2016.0,2,2
Transerve,13.72,13.72,1,2017.0,2,0
TransTutors / AskIITians,0.0,0.0,1,2016.0,1,2
Transversal Technologies,51.46,51.46,1,2017.0,1,0
TravelKhana,0.0,0.0,1,2015.0,1,2
TravelSpice,0.0,0.0,1,2017.0,1,0
TravelTriangle,85.77,257.31,3,2016.6666666666667,5,3
Travelyaari,42.885,85.77,2,2016.0,2,2
Treebo,171.54,343.08,2,2016.0,3,2
Trell,13.935,27.87,2,2018.5,2,0
TrendieApp,0.43,0.43,1,2016.0,1,2
Tricog,0.0,0.0,1,2016.0,2,2
Trilyo,1.07,2.14,2,2017.0,4,0
Tring,0.0,0.0,1,2016.0,1,2
Tripeur,0.0,0.0,1,2017.0,2,0
TripFactory,0.0,0.0,1,2015.0,2,2
Tripoto,15.4,30.8,2,2017.0,8,3
Trip shelf,1.7666666666666666,5.3,3,2016.6666666666667,3,3
Trip Tap Toe,0.0,0.0,1,2016.0,1,2
Truce,3.17,3.17,1,2016.0,5,2
TruckingCube,127.8,127.8,1,2016.0,1,2
TruckMandi,17.15,17.15,1,2015.0,3,2
Truckola,5.1,5.1,1,2016.0,6,2
Trucksfirst,85.77,85.77,1,2015.0,1,2
True Balance,108.64333333333332,325.93,3,2017.0,5,3
Truebil,24.730000000000004,74.19000000000001,3,2016.0,5,3
trueHb,20.58,20.58,1,2015.0,3,2
Truelancer,0.0,0.0,1,2015.0,4,2
Trukky,3.1950000000000003,6.390000000000001,2,2016.0,3,2
Truly Social,0.0,0.0,1,2016.0,1,2
Trupay,6.0,6.0,1,2017.0,3,0
Truweight,0.0,0.0,1,2015.0,1,2
TruxApp,26.59,26.59,1,2017.0,5,0
Turtlemint,0.0,0.0,1,2016.0,1,2
Twenty Two Motors,0.0,0.0,1,2017.0,2,0
Twigly,3.435,6.87,2,2015.5,6,3
Twyst,0.0,0.0,1,2015.0,4,2
Tydy,2.36,2.36,1,2017.0,3,0
TYGR,25.73,25.73,1,2016.0,1,2
Tynor Othontics,180.12,180.12,1,2018.0,1,0
Tyre Express,0.0,0.0,2,2017.0,1,0
Uactive,0.0,0.0,1,2017.0,1,0
Uber Dreams,4.29,4.29,1,2016.0,1,2
UClean,0.0,0.0,1,2016.0,1,2
UCLID,2.02,2.02,1,2017.0,1,0
Udaan,1865.495,7461.98,4,2017.75,3,3
UE LifeSciences,18.009999999999998,36.02,2,2015.5,3,2
UnaAcademy,8.58,8.58,1,2016.0,7,3
Unacademy,36.04,144.16,4,2017.25,10,3
Unbxd,53.605,107.21,2,2016.5,3,2
Uncanny Vision,0.0,0.0,1,2017.0,1,0
underDOGS,0.0,0.0,1,2016.0,1,2
Uniken,17.15,17.15,1,2015.0,1,2
UniLog,0.0,0.0,1,2015.0,1,2
Uniphore,167.902,839.51,5,2017.2,4,3
Universal Sportsbiz Pvt. Ltd,128.66,128.66,1,2017.0,1,0
Unlaze,0.0,0.0,1,2016.0,2,2
Unnati Helpers,5.15,5.15,1,2016.0,1,2
Unocoin,12.87,12.87,1,2016.0,6,2
Upwardly.in,0.0,0.0,1,2017.0,4,0
Upwards,42.88,42.88,1,2018.0,3,0
UrbanClap,86.77,520.62,6,2015.6666666666667,10,3
UrbanClap Technologies Pvt. Ltd,428.85,428.85,1,2018.0,1,0
Urban Dhobi,0.0,0.0,1,2016.0,2,2
Urban Ladder,137.574,687.8700000000001,5,2016.2,8,3
UrbanPiper,0.0,0.0,2,2017.0,3,0
UrbanPro,17.15,17.15,1,2015.0,1,2
Urban Tailor,0.0,0.0,2,2015.5,1,2
UrDoorStep,6.005,12.01,2,2015.5,1,2
Utoo Cabs,0.0,0.0,1,2016.0,1,2
Vagupu,8.58,8.58,1,2017.0,1,0
Vahan,0.0,0.0,1,2016.0,1,2
Vahanalytics,1.72,1.72,1,2016.0,2,2
Vahdam Tea,12.87,12.87,1,2017.0,2,0
Vahdam Teas,5.58,5.58,1,2017.0,3,0
Vanitycask,0.0,0.0,1,2017.0,1,0
Vanity Cube,1.07,2.14,2,2015.5,1,2
Varthana,471.74,471.74,1,2018.0,5,0
Vayana,34.31,34.31,1,2017.0,2,0
VDeliver,0.0,0.0,1,2017.0,2,0
Vebbler,2.315,4.63,2,2016.5,2,2
Vedantu,64.325,128.65,2,2016.5,3,2
Veeba Foods,51.46,51.46,1,2015.0,2,2
Vegetall,1.39,1.39,1,2016.0,1,2
Vegfru,0.0,0.0,1,2016.0,1,2
Vehico,0.0,0.0,1,2016.0,2,2
Velmenni,0.86,0.86,1,2016.0,1,2
Velvetcase,12.87,12.87,1,2016.0,3,2
Venture Catalysts,4.29,4.29,1,2016.0,1,2
Venturesity,2.32,2.32,1,2015.0,4,2
Veqta,4.29,4.29,1,2016.0,2,2
Veritas Finance,40.31,40.31,1,2016.0,1,2
Veritas Finance Ltd.,238.43,238.43,1,2018.0,3,0
Vernacular.ai,0.0,0.0,1,2017.0,1,0
Vertuals,0.0,0.0,1,2016.0,1,2
Video Ken,8.58,8.58,1,2017.0,5,0
Vidgyor,4.29,4.29,1,2015.0,1,2
Vidooly,10.295,20.59,2,2016.0,2,2
VillFarm,0.0,0.0,1,2015.0,4,2
Villgro,30.02,30.02,1,2016.0,2,2
vImmune,0.0,0.0,1,2016.0,1,2
Virtual Logic,6.86,6.86,1,2015.0,1,2
Visit,0.0,0.0,2,2017.0,4,0
Vistaar Finance,343.08,343.08,1,2015.0,5,2
Vista Rooms,6.66,6.66,1,2017.0,4,0
Vithi,3.22,3.22,1,2016.0,1,2
VivoCarat,0.43,0.43,1,2016.0,1,2
Vlurn,0.0,0.0,1,2015.0,1,2
Vogo,0.0,0.0,1,2017.0,1,0
Vogo Automotive,2427.29,2427.29,1,2019.0,3,0
Vogo Automotive Pvt. Ltd.,30.74,30.74,1,2019.0,1,0
Voice Friends,0.0,0.0,1,2016.0,1,2
Vola,4.29,4.29,1,2018.0,1,0
Voler Cars,0.0,0.0,1,2016.0,2,2
VoLT,0.0,0.0,1,2016.0,1,2
Volta Motors,0.86,0.86,1,2016.0,1,2
Voodoo,8.58,8.58,1,2015.0,1,2
Voonik,72.9025,291.61,4,2016.0,3,3
Vow Car Clinic,0.0,0.0,1,2017.0,1,0
Voxweb,4.1466666666666665,12.44,3,2015.6666666666667,1,2
Voylla,128.66,128.66,1,2015.0,1,2
vPhrase Analytics,0.0,0.0,1,2016.0,2,2
V Resorts,34.31,34.31,1,2017.0,2,0
VST Travels,0.23,0.23,1,2016.0,1,2
VTION,2.4,2.4,1,2018.0,3,0
Vyapar App,42.88,42.88,1,2019.0,2,0
Vymo,42.88,42.88,1,2016.0,1,2
Vyome Biosciences,17.15,17.15,1,2016.0,1,2
Vyome Therapeutics Inc.,188.69,188.69,1,2019.0,3,0
Vyomo,36.4525,145.81,4,2015.25,1,3
Wandertrails,8.58,8.58,1,2017.0,1,0
Wassup,14.866666666666664,44.6,3,2015.6666666666667,2,2
WayCool,23.16,23.16,1,2017.0,1,0
wayForward,8.58,8.58,1,2017.0,3,0
WealthApp,3.77,3.77,1,2016.0,6,2
WealthTrust,0.0,0.0,1,2016.0,1,2
Wealthy,2.14,2.14,1,2016.0,5,2
WeAreHolidays,66.04,66.04,1,2017.0,2,0
weathbucket,25.73,25.73,1,2020.0,1,0
WebAlligator,3.22,3.22,1,2016.0,1,2
WebEngage,0.0,0.0,1,2018.0,1,0
Wedding Wishlist,2.55,2.55,1,2016.0,3,2
Weddingz,0.0,0.0,1,2016.0,1,2
Weddingz.in,8.58,17.16,2,2016.0,6,3
WedmeGood,3.52,3.52,1,2015.0,1,2
WeDoSky,0.0,0.0,1,2017.0,1,0
Wedwise,0.0,0.0,1,2016.0,1,2
Wefly Indoor Skydiving,0.34,0.34,1,2016.0,1,2
Welcome Cure,51.46,51.46,1,2015.0,1,2
Wellthy,18.01,18.01,1,2018.0,4,0
Wetravelsolo,0.0,0.0,1,2015.0,2,2
What's Up Life,0.0,0.0,1,2018.0,1,0
Whatfix,19.685,39.37,2,2016.0,8,3
WhatsLoan,0.0,0.0,1,2017.0,1,0
WhatsOnRent,0.0,0.0,1,2016.0,1,2
WheelStreet,2.66,5.32,2,2016.5,1,2
White Owl Brewery,13.12,13.12,1,2015.0,2,2
Whodat,5.15,5.15,1,2017.0,1,0
WholeSaleBox,17.15,17.15,1,2016.0,2,2
Whoop,25.73,25.73,1,2015.0,1,2
WickedRide,42.415,84.83,2,2016.5,2,2
Wigzo,2.145,4.29,2,2016.0,2,2
WIMWI Foods,0.0,0.0,1,2016.0,1,2
Wired Hub,0.0,0.0,1,2016.0,2,2
Wishberry,0.0,0.0,1,2017.0,4,0
Wishup,0.0,0.0,1,2016.0,3,2
WithMe,2.14,2.14,1,2016.0,4,2
WittyFeed,0.0,0.0,2,2017.0,5,3
Wittyparot,3.86,3.86,1,2016.0,1,2
WitWorks,0.0,0.0,1,2016.0,7,3
Wiwigo,5.1,5.1,1,2016.0,1,2
WizCounsel,1.24,1.24,1,2019.0,1,0
Wizrocket,82.34,82.34,1,2015.0,2,2
WonderChef,0.0,0.0,1,2017.0,1,0
WoNoBo,0.0,0.0,1,2015.0,1,2
Woodpie,0.26,0.26,1,2016.0,1,2
Wooplr,17.155,68.62,4,2016.5,9,3
WorkApps,8.58,8.58,1,2016.0,1,2
WorkHorse,0.0,0.0,1,2015.0,1,2
WorkIndia,1.43,4.29,3,2015.6666666666667,3,3
World Art Community,1.72,3.44,2,2015.5,1,2
WOTU,0.0,0.0,2,2017.0,2,0
WOW! MOMO,13.72,13.72,1,2015.0,1,2
Wow Express,20.58666666666667,61.760000000000005,3,2016.3333333333333,1,2
Wowflux,0.0,0.0,1,2017.0,1,0
Wudstay,25.73,25.73,1,2015.0,2,2
Wydr,0.0,0.0,3,2016.6666666666667,7,3
xc2xa0CloudCherry,51.46,51.46,1,2016.0,3,2
xc2xa0Nudgespot,5.36,5.36,1,2015.0,4,2
Xcode,0.0,0.0,1,2016.0,1,2
Xprep,0.0,0.0,1,2017.0,4,0
Xpressbees,107.21,107.21,1,2016.0,4,2
Xseed Education,85.77,85.77,1,2016.0,1,2
XSTOK,3.86,3.86,1,2015.0,1,2
Yaantra,26.59,26.59,1,2017.0,1,0
YAAP,42.88,42.88,1,2016.0,1,2
Yana,0.0,0.0,1,2016.0,2,2
Yatra,132.09,132.09,1,2017.0,1,0
YatraGenie,0.0,0.0,1,2015.0,1,2
Yellowdig,5.58,5.58,1,2016.0,1,2
YepMe,216.42666666666665,649.28,3,2016.3333333333333,3,3
YOLO Health,0.0,0.0,1,2017.0,1,0
Yostra,0.0,0.0,1,2017.0,2,0
Yottaasys,0.0,0.0,1,2016.0,1,2
YourDost,6.859999999999999,13.72,2,2015.5,13,3
Your Quote,8.58,8.58,1,2017.0,2,0
YourStory,12.865,25.73,2,2016.0,7,3
YouthKiAwaaz,5.15,5.15,1,2015.0,2,2
Yufta,0.0,0.0,2,2016.0,1,2
Yumigo,2.57,2.57,1,2016.0,1,2
Yumist,17.15,17.15,1,2015.0,3,2
Yumlane,8.58,8.58,1,2016.0,6,2
Yupp TV,428.85,428.85,1,2016.0,1,2
Yuvi Hospitality,128.66,128.66,1,2015.0,1,2
Zakoopi,3.0,3.0,1,2015.0,1,2
Zappfresh,8.796666666666667,26.39,3,2016.3333333333333,2,3
Zappka,0.86,0.86,1,2016.0,2,2
Zapr,28.59,85.77,3,2016.0,9,3
ZapStitch,17.15,17.15,1,2015.0,2,2
Zapty,4.29,4.29,1,2017.0,1,0
Zapyle,0.0,0.0,1,2017.0,1,0
Zarget,32.165,64.33,2,2016.0,3,2
Zebi (yet to launch),8.58,8.58,1,2016.0,1,2
Zebpay,8.58,8.58,1,2016.0,3,2
Zebroads,0.64,0.64,1,2016.0,1,2
Zefo,65.185,130.37,2,2016.5,5,3
Zenatix,3.8899999999999992,11.669999999999998,3,2015.6666666666667,5,3
Zendrive,216.57,433.14,2,2017.5,2,0
Zenify,7.72,7.72,1,2016.0,1,2
Zenify.in,5.49,5.49,1,2015.0,2,2
Zenoti,278.755,557.51,2,2017.5,2,0
ZenParent,4.29,4.29,1,2015.0,1,2
ZenRadius,0.0,0.0,1,2015.0,2,2
Zeolr/RespirON,0.0,0.0,1,2016.0,1,2
Zepo,4.29,4.29,1,2017.0,4,0
Zeppery,0.66,0.66,1,2015.0,1,2
ZeroInfy,0.0,0.0,1,2016.0,1,2
ZestMoney,75.47666666666667,226.43,3,2017.0,5,3
Zeta,162.96,162.96,1,2016.0,1,2
Ziffity,0.0,0.0,1,2016.0,1,2
ZiffyHomes,1.03,1.03,1,2018.0,1,0
Zify,1.63,1.63,1,2015.0,1,2
Zilingo,674.44,2023.32,3,2016.6666666666667,11,3
Zimmber,10.29,20.58,2,2015.0,8,3
ZingHR,0.0,0.0,1,2017.0,1,0
Zinka,51.46,51.46,1,2015.0,2,2
ZipGo,0.0,0.0,1,2017.0,3,0
ZipGrid,3.005,6.01,2,2016.5,2,2
ZiPi,0.0,0.0,1,2016.0,1,2
ZipLoan,10.436666666666667,31.31,3,2016.6666666666667,7,3
zippserv,3.77,3.77,1,2018.0,1,0
ZippServe,3.35,3.35,1,2017.0,1,0
Zivame,343.08,343.08,1,2015.0,2,2
Zocalo,0.0,0.0,1,2015.0,2,2
Zoctr,2.145,8.58,4,2016.5,2,3
Zolo,0.0,0.0,1,2016.0,1,2
ZoloStays,42.88,42.88,1,2017.0,2,0
Zomato,932.7475,3730.99,4,2017.0,2,3
Zoojoo.be,8.58,8.58,1,2015.0,1,2
Zoomcar,85.77,343.08,4,2015.5,3,3
ZopHop,3.86,3.86,1,2015.0,2,2
ZopNow,85.77,85.77,1,2015.0,4,2
Zopper,171.54,171.54,1,2015.0,2,2
Zo Rooms,192.985,385.97,2,2015.0,3,2
Zovi / Little App,428.85,428.85,1,2015.0,3,2
ZuperMeal,17.15,17.15,1,2015.0,2,2
Zuppler,5.58,5.58,1,2016.0,1,2
Zuver,1.54,1.54,1,2016.0,2,2
Zwayam,2.14,2.14,1,2016.0,1,2
Zzungry,0.0,0.0,1,2016.0,2,2
